timeNumber	timePoint	S_Leaf_area_cmsquared_corr	S_Leaf_area_cmsquared	wt	genotype	geno.decomp	rowId	colId	plotId
1	2020-09-10T00:00:00Z	34.72440490689776	33.7640844612171	0.026809857549700274	EPPN1_H	Hybrid	24	16	46
1	2020-09-10T00:00:00Z	37.950681148529426	35.652906716618	0.026809857549700274	EPPN1_H	Hybrid	26	18	42
1	2020-09-10T00:00:00Z	34.65648214610769	35.4073298897924	0.026809857549700274	EPPN1_H	Hybrid	5	16	45
1	2020-09-10T00:00:00Z	38.74210156255823	33.5343480239257	0.026809857549700274	EPPN1_H	Hybrid	19	15	48
1	2020-09-10T00:00:00Z	43.80614813068899	47.7076287455339	0.026809857549700274	EPPN1_H	Hybrid	11	18	41
1	2020-09-10T00:00:00Z	44.906060314652144	42.3421058263929	0.026809857549700274	EPPN1_H	Hybrid	8	14	49
1	2020-09-10T00:00:00Z	41.195861187903546	42.1954678253455	0.026809857549700274	EPPN1_H	Hybrid	10	17	43
1	2020-09-10T00:00:00Z	39.34137146708722	35.3708623350221	0.026809857549700274	EPPN1_H	Hybrid	14	14	50
1	2020-09-10T00:00:00Z	36.381233698956954	34.9776936071083	0.026809857549700274	EPPN1_H	Hybrid	5	15	47
1	2020-09-10T00:00:00Z	42.213885661359605	45.2065638504342	0.026809857549700274	EPPN1_H	Hybrid	16	17	44
1	2020-09-10T00:00:00Z	45.71381293660415	42.5081006094418	0.02676772371318456	EPPN2_H	Hybrid	16	15	58
1	2020-09-10T00:00:00Z	38.33650086886904	38.1771117950147	0.02676772371318456	EPPN2_H	Hybrid	3	15	57
1	2020-09-10T00:00:00Z	46.00711331260895	45.0990561564795	0.02676772371318456	EPPN2_H	Hybrid	2	14	59
1	2020-09-10T00:00:00Z	39.37807793110205	36.7732986018145	0.02676772371318456	EPPN2_H	Hybrid	25	14	60
1	2020-09-10T00:00:00Z	31.521127719202028	33.7584974461982	0.02676772371318456	EPPN2_H	Hybrid	10	18	51
1	2020-09-10T00:00:00Z	42.21808821335271	45.0059917716849	0.02676772371318456	EPPN2_H	Hybrid	6	17	53
1	2020-09-10T00:00:00Z	36.21594570432249	43.1301057994314	0.02676772371318456	EPPN2_H	Hybrid	20	18	52
1	2020-09-10T00:00:00Z	47.05133171001232	49.9595226722261	0.02676772371318456	EPPN2_H	Hybrid	22	17	54
1	2020-09-10T00:00:00Z	NA	40.6712797640651	0.02676772371318456	EPPN2_H	Hybrid	8	16	55
1	2020-09-10T00:00:00Z	40.02819526538178	39.8848478076223	0.02676772371318456	EPPN2_H	Hybrid	22	16	56
1	2020-09-10T00:00:00Z	27.22446675949034	25.9825903158159	0.026822316682351723	EPPN3_H	Hybrid	1	14	69
1	2020-09-10T00:00:00Z	NA	17.3768087405736	0.026822316682351723	EPPN3_H	Hybrid	19	14	70
1	2020-09-10T00:00:00Z	28.55781887708809	31.1072755399421	0.026822316682351723	EPPN3_H	Hybrid	13	18	62
1	2020-09-10T00:00:00Z	NA	20.9107200900661	0.026822316682351723	EPPN3_H	Hybrid	23	16	66
1	2020-09-10T00:00:00Z	38.28051914194891	39.0358652660968	0.026822316682351723	EPPN3_H	Hybrid	12	16	65
1	2020-09-10T00:00:00Z	34.863658579074254	37.4333825589454	0.026822316682351723	EPPN3_H	Hybrid	7	17	63
1	2020-09-10T00:00:00Z	NA	33.8275025641644	0.026822316682351723	EPPN3_H	Hybrid	1	18	61
1	2020-09-10T00:00:00Z	32.48390896918474	30.8623264442206	0.026822316682351723	EPPN3_H	Hybrid	26	15	68
1	2020-09-10T00:00:00Z	30.728319362702337	32.271750211215	0.026822316682351723	EPPN3_H	Hybrid	14	17	64
1	2020-09-10T00:00:00Z	35.33649953060971	33.2075630222697	0.026822316682351723	EPPN3_H	Hybrid	14	15	67
1	2020-09-10T00:00:00Z	38.47248314098624	36.5534773298873	0.026804189142358048	EPPN4_H	Hybrid	25	15	78
1	2020-09-10T00:00:00Z	35.7872412740485	38.3139539989094	0.026804189142358048	EPPN4_H	Hybrid	17	17	74
1	2020-09-10T00:00:00Z	39.16210577325666	39.1928411933614	0.026804189142358048	EPPN4_H	Hybrid	4	15	77
1	2020-09-10T00:00:00Z	47.211882546412404	49.1749500894935	0.026804189142358048	EPPN4_H	Hybrid	4	16	75
1	2020-09-10T00:00:00Z	38.09045454683642	42.623425097801	0.026804189142358048	EPPN4_H	Hybrid	3	18	71
1	2020-09-10T00:00:00Z	37.92738456269691	43.8414723373326	0.026804189142358048	EPPN4_H	Hybrid	22	18	72
1	2020-09-10T00:00:00Z	31.45519127308816	25.0872792398079	0.026804189142358048	EPPN4_H	Hybrid	23	14	80
1	2020-09-10T00:00:00Z	33.21834063155835	32.0674449927032	0.026804189142358048	EPPN4_H	Hybrid	17	16	76
1	2020-09-10T00:00:00Z	30.54727437771872	26.9642261769289	0.026804189142358048	EPPN4_H	Hybrid	7	14	79
1	2020-09-10T00:00:00Z	25.062383435465357	25.570827871893002	0.026804189142358048	EPPN4_H	Hybrid	1	17	73
1	2020-09-10T00:00:00Z	NA	34.9438691700039	0.026614631975731214	EPPN1_L	Line	1	15	7
1	2020-09-10T00:00:00Z	39.143366596866734	42.0991606010158	0.026614631975731214	EPPN1_L	Line	5	17	3
1	2020-09-10T00:00:00Z	NA	43.5895831244737	0.026614631975731214	EPPN1_L	Line	13	14	9
1	2020-09-10T00:00:00Z	39.458607349004524	31.3562983437358	0.026614631975731214	EPPN1_L	Line	18	14	10
1	2020-09-10T00:00:00Z	34.322245613237186	35.7084842032153	0.026614631975731214	EPPN1_L	Line	3	16	5
1	2020-09-10T00:00:00Z	39.462728546926364	42.532222965185	0.026614631975731214	EPPN1_L	Line	20	17	4
1	2020-09-10T00:00:00Z	33.833068201925265	32.6334999312615	0.026614631975731214	EPPN1_L	Line	19	16	6
1	2020-09-10T00:00:00Z	35.144212014629	40.0571555030453	0.026614631975731214	EPPN1_L	Line	15	18	2
1	2020-09-10T00:00:00Z	NA	40.5017214686545	0.026614631975731214	EPPN1_L	Line	21	15	8
1	2020-09-10T00:00:00Z	NA	38.1081941095624	0.026614631975731214	EPPN1_L	Line	6	18	1
1	2020-09-10T00:00:00Z	NA	12.0222965050034	0.02645435314388388	EPPN2_L	Line	13	15	17
1	2020-09-10T00:00:00Z	30.446532379492396	30.1128429202029	0.02645435314388388	EPPN2_L	Line	21	16	16
1	2020-09-10T00:00:00Z	22.47928032107837	16.1689850335044	0.02645435314388388	EPPN2_L	Line	16	14	20
1	2020-09-10T00:00:00Z	34.93722356297042	32.1570594740671	0.02645435314388388	EPPN2_L	Line	10	14	19
1	2020-09-10T00:00:00Z	NA	38.1919166112747	0.02645435314388388	EPPN2_L	Line	11	16	15
1	2020-09-10T00:00:00Z	NA	27.1668453171109	0.02645435314388388	EPPN2_L	Line	25	17	14
1	2020-09-10T00:00:00Z	29.85466924735528	32.2143651844318	0.02645435314388388	EPPN2_L	Line	2	17	13
1	2020-09-10T00:00:00Z	35.41993024709099	40.53502811795	0.02645435314388388	EPPN2_L	Line	5	18	11
1	2020-09-10T00:00:00Z	33.84502207317908	36.9088280162103	0.02645435314388388	EPPN2_L	Line	23	18	12
1	2020-09-10T00:00:00Z	31.53014535281856	29.1464322840751	0.02645435314388388	EPPN2_L	Line	15	15	18
1	2020-09-10T00:00:00Z	NA	23.8424180981521	0.026585161128801958	EPPN20_T	Line	24	14	90
1	2020-09-10T00:00:00Z	21.668378050120204	19.6390636329484	0.026585161128801958	EPPN20_T	Line	9	14	89
1	2020-09-10T00:00:00Z	19.506242695549574	15.3844430776484	0.026585161128801958	EPPN20_T	Line	18	15	88
1	2020-09-10T00:00:00Z	11.292925818377919	11.0091264574446	0.026585161128801958	EPPN20_T	Line	10	16	85
1	2020-09-10T00:00:00Z	NA	21.9294944304853	0.026585161128801958	EPPN20_T	Line	24	17	84
1	2020-09-10T00:00:00Z	24.397235624551687	25.5601074950989	0.026585161128801958	EPPN20_T	Line	13	17	83
1	2020-09-10T00:00:00Z	22.634329292490847	22.3649734792822	0.026585161128801958	EPPN20_T	Line	13	16	86
1	2020-09-10T00:00:00Z	20.03767223387304	18.5091398177885	0.026585161128801958	EPPN20_T	Line	7	15	87
1	2020-09-10T00:00:00Z	16.033058572216053	22.9053367366808	0.026585161128801958	EPPN20_T	Line	19	18	82
1	2020-09-10T00:00:00Z	NA	22.11668128413	0.026585161128801958	EPPN20_T	Line	12	18	81
1	2020-09-10T00:00:00Z	NA	35.4578310810784	0.026591399774184846	EPPN3_L	Line	15	14	30
1	2020-09-10T00:00:00Z	31.206518168631412	34.6333085804502	0.026591399774184846	EPPN3_L	Line	2	18	21
1	2020-09-10T00:00:00Z	45.44947949406234	48.2252701323724	0.026591399774184846	EPPN3_L	Line	11	17	23
1	2020-09-10T00:00:00Z	NA	30.3837096108124	0.026591399774184846	EPPN3_L	Line	5	14	29
1	2020-09-10T00:00:00Z	39.01598173557412	39.9494957203578	0.026591399774184846	EPPN3_L	Line	9	16	25
1	2020-09-10T00:00:00Z	39.78965089666964	36.6453242106221	0.026591399774184846	EPPN3_L	Line	22	15	28
1	2020-09-10T00:00:00Z	35.83422117570958	35.3016546059634	0.026591399774184846	EPPN3_L	Line	9	15	27
1	2020-09-10T00:00:00Z	47.363269493833755	55.1464752474468	0.026591399774184846	EPPN3_L	Line	18	18	22
1	2020-09-10T00:00:00Z	30.93580553985202	34.7642512125948	0.026591399774184846	EPPN3_L	Line	18	17	24
1	2020-09-10T00:00:00Z	29.931294574206984	28.0658219981942	0.026591399774184846	EPPN3_L	Line	26	16	26
1	2020-09-10T00:00:00Z	35.53049535714192	30.869933820258	0.02664750821032663	EPPN4_L	Line	20	15	38
1	2020-09-10T00:00:00Z	34.15014682579755	37.1325722139543	0.02664750821032663	EPPN4_L	Line	3	17	33
1	2020-09-10T00:00:00Z	19.091984153359096	18.2711711518242	0.02664750821032663	EPPN4_L	Line	20	16	36
1	2020-09-10T00:00:00Z	NA	9.40959392858014	0.02664750821032663	EPPN4_L	Line	17	14	40
1	2020-09-10T00:00:00Z	32.308194587193924	36.2293425139985	0.02664750821032663	EPPN4_L	Line	9	18	31
1	2020-09-10T00:00:00Z	20.261109127370403	23.6203597155677	0.02664750821032663	EPPN4_L	Line	14	18	32
1	2020-09-10T00:00:00Z	NA	21.7442085673041	0.02664750821032663	EPPN4_L	Line	6	14	39
1	2020-09-10T00:00:00Z	NA	31.3661446609047	0.02664750821032663	EPPN4_L	Line	12	15	37
1	2020-09-10T00:00:00Z	NA	22.0934939809387	0.02664750821032663	EPPN4_L	Line	1	16	35
1	2020-09-10T00:00:00Z	32.11101377398133	34.9701896302618	0.02664750821032663	EPPN4_L	Line	19	17	34
2	2020-09-14T00:00:00Z	129.51425703080622	129.803693143546	0.00303703021202853	EPPN1_H	Hybrid	24	16	46
2	2020-09-14T00:00:00Z	130.26777950524365	145.223489147098	0.00303703021202853	EPPN1_H	Hybrid	26	18	42
2	2020-09-14T00:00:00Z	114.19257916151744	116.094256377127	0.00303703021202853	EPPN1_H	Hybrid	5	16	45
2	2020-09-14T00:00:00Z	112.99958032546196	98.1567705578169	0.00303703021202853	EPPN1_H	Hybrid	19	15	48
2	2020-09-14T00:00:00Z	146.22915507469236	158.255055023798	0.00303703021202853	EPPN1_H	Hybrid	11	18	41
2	2020-09-14T00:00:00Z	141.12930849298627	140.493878615806	0.00303703021202853	EPPN1_H	Hybrid	8	14	49
2	2020-09-14T00:00:00Z	125.7418991249134	128.90295473335	0.00303703021202853	EPPN1_H	Hybrid	10	17	43
2	2020-09-14T00:00:00Z	146.7540430707404	140.601171919281	0.00303703021202853	EPPN1_H	Hybrid	14	14	50
2	2020-09-14T00:00:00Z	111.62211295205228	111.330494459657	0.00303703021202853	EPPN1_H	Hybrid	5	15	47
2	2020-09-14T00:00:00Z	125.81730106440637	131.396148387566	0.00303703021202853	EPPN1_H	Hybrid	16	17	44
2	2020-09-14T00:00:00Z	121.19689148635666	112.130071591273	0.0030335944592420885	EPPN2_H	Hybrid	16	15	58
2	2020-09-14T00:00:00Z	123.90616323972034	129.631215559895	0.0030335944592420885	EPPN2_H	Hybrid	3	15	57
2	2020-09-14T00:00:00Z	134.90869506468954	139.923432966672	0.0030335944592420885	EPPN2_H	Hybrid	2	14	59
2	2020-09-14T00:00:00Z	131.41013441737596	123.854419190581	0.0030335944592420885	EPPN2_H	Hybrid	25	14	60
2	2020-09-14T00:00:00Z	97.73994720155645	99.4852686014889	0.0030335944592420885	EPPN2_H	Hybrid	10	18	51
2	2020-09-14T00:00:00Z	122.57372211942769	119.502911321395	0.0030335944592420885	EPPN2_H	Hybrid	6	17	53
2	2020-09-14T00:00:00Z	94.84738761620217	105.745326440093	0.0030335944592420885	EPPN2_H	Hybrid	20	18	52
2	2020-09-14T00:00:00Z	116.20433529847877	125.435286539943	0.0030335944592420885	EPPN2_H	Hybrid	22	17	54
2	2020-09-14T00:00:00Z	NA	130.037210103664	0.0030335944592420885	EPPN2_H	Hybrid	8	16	55
2	2020-09-14T00:00:00Z	120.44270700247391	118.242479677502	0.0030335944592420885	EPPN2_H	Hybrid	22	16	56
2	2020-09-14T00:00:00Z	88.4324994543518	81.8682462360559	0.0030270295958423504	EPPN3_H	Hybrid	1	14	69
2	2020-09-14T00:00:00Z	NA	50.5055622099754	0.0030270295958423504	EPPN3_H	Hybrid	19	14	70
2	2020-09-14T00:00:00Z	105.05553009973353	112.054947012623	0.0030270295958423504	EPPN3_H	Hybrid	13	18	62
2	2020-09-14T00:00:00Z	NA	62.533645201795	0.0030270295958423504	EPPN3_H	Hybrid	23	16	66
2	2020-09-14T00:00:00Z	117.07654439623833	121.609616684935	0.0030270295958423504	EPPN3_H	Hybrid	12	16	65
2	2020-09-14T00:00:00Z	116.85415451002794	124.589259933641	0.0030270295958423504	EPPN3_H	Hybrid	7	17	63
2	2020-09-14T00:00:00Z	NA	72.6421261776678	0.0030270295958423504	EPPN3_H	Hybrid	1	18	61
2	2020-09-14T00:00:00Z	104.74744220727887	95.1553205956195	0.0030270295958423504	EPPN3_H	Hybrid	26	15	68
2	2020-09-14T00:00:00Z	91.88837377464114	102.661180648539	0.0030270295958423504	EPPN3_H	Hybrid	14	17	64
2	2020-09-14T00:00:00Z	121.47704197391603	119.349573509281	0.0030270295958423504	EPPN3_H	Hybrid	14	15	67
2	2020-09-14T00:00:00Z	111.06146231488496	103.886118530842	0.003029559796354508	EPPN4_H	Hybrid	25	15	78
2	2020-09-14T00:00:00Z	133.28006364658023	138.763216549555	0.003029559796354508	EPPN4_H	Hybrid	17	17	74
2	2020-09-14T00:00:00Z	87.2529040788387	92.0928946090394	0.003029559796354508	EPPN4_H	Hybrid	4	15	77
2	2020-09-14T00:00:00Z	156.89923268007817	163.588680414232	0.003029559796354508	EPPN4_H	Hybrid	4	16	75
2	2020-09-14T00:00:00Z	106.5325449552724	103.496753360534	0.003029559796354508	EPPN4_H	Hybrid	3	18	71
2	2020-09-14T00:00:00Z	114.759518603646	133.090654668611	0.003029559796354508	EPPN4_H	Hybrid	22	18	72
2	2020-09-14T00:00:00Z	109.75030541917457	92.9937120724834	0.003029559796354508	EPPN4_H	Hybrid	23	14	80
2	2020-09-14T00:00:00Z	101.5167579310336	96.9074003806809	0.003029559796354508	EPPN4_H	Hybrid	17	16	76
2	2020-09-14T00:00:00Z	121.23364370449553	120.459989236187	0.003029559796354508	EPPN4_H	Hybrid	7	14	79
2	2020-09-14T00:00:00Z	90.96779156508218	84.3949970506912	0.003029559796354508	EPPN4_H	Hybrid	1	17	73
2	2020-09-14T00:00:00Z	NA	103.554071113457	0.0030084446615883803	EPPN1_L	Line	1	15	7
2	2020-09-14T00:00:00Z	109.15056337511962	112.078102906458	0.0030084446615883803	EPPN1_L	Line	5	17	3
2	2020-09-14T00:00:00Z	NA	117.053067231659	0.0030084446615883803	EPPN1_L	Line	13	14	9
2	2020-09-14T00:00:00Z	101.76683755090458	93.4448739259717	0.0030084446615883803	EPPN1_L	Line	18	14	10
2	2020-09-14T00:00:00Z	107.93960744056928	115.143307345592	0.0030084446615883803	EPPN1_L	Line	3	16	5
2	2020-09-14T00:00:00Z	125.3630748845121	128.126122507071	0.0030084446615883803	EPPN1_L	Line	20	17	4
2	2020-09-14T00:00:00Z	106.95490771800976	97.0983528361262	0.0030084446615883803	EPPN1_L	Line	19	16	6
2	2020-09-14T00:00:00Z	110.45843104859081	121.426416104505	0.0030084446615883803	EPPN1_L	Line	15	18	2
2	2020-09-14T00:00:00Z	NA	110.776661688622	0.0030084446615883803	EPPN1_L	Line	21	15	8
2	2020-09-14T00:00:00Z	NA	64.3555895019046	0.0030084446615883803	EPPN1_L	Line	6	18	1
2	2020-09-14T00:00:00Z	NA	27.2556736953605	0.0029915799322118414	EPPN2_L	Line	13	15	17
2	2020-09-14T00:00:00Z	69.8278573569949	67.1319856184979	0.0029915799322118414	EPPN2_L	Line	21	16	16
2	2020-09-14T00:00:00Z	56.85450636211931	43.6763811927915	0.0029915799322118414	EPPN2_L	Line	16	14	20
2	2020-09-14T00:00:00Z	94.8504528025108	85.8328029995759	0.0029915799322118414	EPPN2_L	Line	10	14	19
2	2020-09-14T00:00:00Z	NA	78.217724045949	0.0029915799322118414	EPPN2_L	Line	11	16	15
2	2020-09-14T00:00:00Z	NA	75.8299674654793	0.0029915799322118414	EPPN2_L	Line	25	17	14
2	2020-09-14T00:00:00Z	73.76086185348959	80.3160021594784	0.0029915799322118414	EPPN2_L	Line	2	17	13
2	2020-09-14T00:00:00Z	99.34715233927344	95.1478037913913	0.0029915799322118414	EPPN2_L	Line	5	18	11
2	2020-09-14T00:00:00Z	65.7282369811185	75.131382504351	0.0029915799322118414	EPPN2_L	Line	23	18	12
2	2020-09-14T00:00:00Z	73.49206806225845	66.4899974850502	0.0029915799322118414	EPPN2_L	Line	15	15	18
2	2020-09-14T00:00:00Z	NA	67.3195407888605	0.0029931850029651817	EPPN20_T	Line	24	14	90
2	2020-09-14T00:00:00Z	51.24158098912205	46.2063468424141	0.0029931850029651817	EPPN20_T	Line	9	14	89
2	2020-09-14T00:00:00Z	49.382967401705564	44.9117177357555	0.0029931850029651817	EPPN20_T	Line	18	15	88
2	2020-09-14T00:00:00Z	30.980872042293488	29.1171941052248	0.0029931850029651817	EPPN20_T	Line	10	16	85
2	2020-09-14T00:00:00Z	NA	68.1519107131134	0.0029931850029651817	EPPN20_T	Line	24	17	84
2	2020-09-14T00:00:00Z	51.156094987668624	56.1812297627481	0.0029931850029651817	EPPN20_T	Line	13	17	83
2	2020-09-14T00:00:00Z	50.32458103260364	47.9623341082687	0.0029931850029651817	EPPN20_T	Line	13	16	86
2	2020-09-14T00:00:00Z	41.41742211085014	43.699367978535	0.0029931850029651817	EPPN20_T	Line	7	15	87
2	2020-09-14T00:00:00Z	37.34987005467451	45.9424173928172	0.0029931850029651817	EPPN20_T	Line	19	18	82
2	2020-09-14T00:00:00Z	NA	54.4498394446704	0.0029931850029651817	EPPN20_T	Line	12	18	81
2	2020-09-14T00:00:00Z	NA	103.265895491789	0.002993417209148898	EPPN3_L	Line	15	14	30
2	2020-09-14T00:00:00Z	122.85185730256347	118.632206620424	0.002993417209148898	EPPN3_L	Line	2	18	21
2	2020-09-14T00:00:00Z	135.22054557253983	147.524657860097	0.002993417209148898	EPPN3_L	Line	11	17	23
2	2020-09-14T00:00:00Z	NA	109.244563904313	0.002993417209148898	EPPN3_L	Line	5	14	29
2	2020-09-14T00:00:00Z	120.09434170660576	121.779733604772	0.002993417209148898	EPPN3_L	Line	9	16	25
2	2020-09-14T00:00:00Z	134.080764091204	127.885031680948	0.002993417209148898	EPPN3_L	Line	22	15	28
2	2020-09-14T00:00:00Z	116.27731783403068	114.58772069837	0.002993417209148898	EPPN3_L	Line	9	15	27
2	2020-09-14T00:00:00Z	151.18698219426904	169.267719867525	0.002993417209148898	EPPN3_L	Line	18	18	22
2	2020-09-14T00:00:00Z	118.87369500430121	130.10051355203	0.002993417209148898	EPPN3_L	Line	18	17	24
2	2020-09-14T00:00:00Z	109.1604183535333	101.764675368763	0.002993417209148898	EPPN3_L	Line	26	16	26
2	2020-09-14T00:00:00Z	71.31344960298324	58.1984423676071	0.0030026335288370924	EPPN4_L	Line	20	15	38
2	2020-09-14T00:00:00Z	83.79269326582589	90.2954778845144	0.0030026335288370924	EPPN4_L	Line	3	17	33
2	2020-09-14T00:00:00Z	39.06368994584658	30.6759382579016	0.0030026335288370924	EPPN4_L	Line	20	16	36
2	2020-09-14T00:00:00Z	NA	31.1072894129744	0.0030026335288370924	EPPN4_L	Line	17	14	40
2	2020-09-14T00:00:00Z	73.22462799039002	76.5907276339018	0.0030026335288370924	EPPN4_L	Line	9	18	31
2	2020-09-14T00:00:00Z	52.8614975671008	66.7073740631147	0.0030026335288370924	EPPN4_L	Line	14	18	32
2	2020-09-14T00:00:00Z	NA	42.7341196104773	0.0030026335288370924	EPPN4_L	Line	6	14	39
2	2020-09-14T00:00:00Z	NA	81.5067504342854	0.0030026335288370924	EPPN4_L	Line	12	15	37
2	2020-09-14T00:00:00Z	NA	55.3097601582793	0.0030026335288370924	EPPN4_L	Line	1	16	35
2	2020-09-14T00:00:00Z	86.67702066547854	87.7241995291346	0.0030026335288370924	EPPN4_L	Line	19	17	34
3	2020-09-16T00:00:00Z	314.7939464331436	321.057929015398	6.454719836125977e-4	EPPN1_H	Hybrid	24	16	46
3	2020-09-16T00:00:00Z	328.5790928121375	345.37609084327	6.454719836125977e-4	EPPN1_H	Hybrid	26	18	42
3	2020-09-16T00:00:00Z	293.4624025967764	299.63115183697	6.454719836125977e-4	EPPN1_H	Hybrid	5	16	45
3	2020-09-16T00:00:00Z	281.8209920455366	231.957255426891	6.454719836125977e-4	EPPN1_H	Hybrid	19	15	48
3	2020-09-16T00:00:00Z	366.28846621784584	362.795308292774	6.454719836125977e-4	EPPN1_H	Hybrid	11	18	41
3	2020-09-16T00:00:00Z	313.8177008723312	328.625117666816	6.454719836125977e-4	EPPN1_H	Hybrid	8	14	49
3	2020-09-16T00:00:00Z	293.9181057439029	291.470762981134	6.454719836125977e-4	EPPN1_H	Hybrid	10	17	43
3	2020-09-16T00:00:00Z	346.3848158344829	357.047752334618	6.454719836125977e-4	EPPN1_H	Hybrid	14	14	50
3	2020-09-16T00:00:00Z	289.1583648016242	292.151202742825	6.454719836125977e-4	EPPN1_H	Hybrid	5	15	47
3	2020-09-16T00:00:00Z	349.52463458700157	393.939912582007	6.454719836125977e-4	EPPN1_H	Hybrid	16	17	44
3	2020-09-16T00:00:00Z	298.1190112913675	282.818964206823	6.431962138020604e-4	EPPN2_H	Hybrid	16	15	58
3	2020-09-16T00:00:00Z	309.02438421733905	318.442471597022	6.431962138020604e-4	EPPN2_H	Hybrid	3	15	57
3	2020-09-16T00:00:00Z	287.0247439472988	312.300606115161	6.431962138020604e-4	EPPN2_H	Hybrid	2	14	59
3	2020-09-16T00:00:00Z	302.2053202968139	306.860160742957	6.431962138020604e-4	EPPN2_H	Hybrid	25	14	60
3	2020-09-16T00:00:00Z	248.64486255795708	212.173153027725	6.431962138020604e-4	EPPN2_H	Hybrid	10	18	51
3	2020-09-16T00:00:00Z	296.4780529933388	278.880583595904	6.431962138020604e-4	EPPN2_H	Hybrid	6	17	53
3	2020-09-16T00:00:00Z	234.92219539292688	258.707269973899	6.431962138020604e-4	EPPN2_H	Hybrid	20	18	52
3	2020-09-16T00:00:00Z	269.98313221346086	300.425441517069	6.431962138020604e-4	EPPN2_H	Hybrid	22	17	54
3	2020-09-16T00:00:00Z	NA	332.297061834873	6.431962138020604e-4	EPPN2_H	Hybrid	8	16	55
3	2020-09-16T00:00:00Z	285.55147384745004	273.480050819624	6.431962138020604e-4	EPPN2_H	Hybrid	22	16	56
3	2020-09-16T00:00:00Z	246.90673159136912	244.49702099038	6.431746085773217e-4	EPPN3_H	Hybrid	1	14	69
3	2020-09-16T00:00:00Z	NA	141.033466942227	6.431746085773217e-4	EPPN3_H	Hybrid	19	14	70
3	2020-09-16T00:00:00Z	258.36671679474176	243.162785041315	6.431746085773217e-4	EPPN3_H	Hybrid	13	18	62
3	2020-09-16T00:00:00Z	NA	188.9271164656	6.431746085773217e-4	EPPN3_H	Hybrid	23	16	66
3	2020-09-16T00:00:00Z	298.93433354363185	322.805643046905	6.431746085773217e-4	EPPN3_H	Hybrid	12	16	65
3	2020-09-16T00:00:00Z	281.259917827786	304.918714352772	6.431746085773217e-4	EPPN3_H	Hybrid	7	17	63
3	2020-09-16T00:00:00Z	NA	140.140463657489	6.431746085773217e-4	EPPN3_H	Hybrid	1	18	61
3	2020-09-16T00:00:00Z	237.37108069934482	226.944638470215	6.431746085773217e-4	EPPN3_H	Hybrid	26	15	68
3	2020-09-16T00:00:00Z	240.46447914512768	281.004007221034	6.431746085773217e-4	EPPN3_H	Hybrid	14	17	64
3	2020-09-16T00:00:00Z	300.20661620043904	308.999449343387	6.431746085773217e-4	EPPN3_H	Hybrid	14	15	67
3	2020-09-16T00:00:00Z	247.42367384064906	232.299817808118	6.420978349266607e-4	EPPN4_H	Hybrid	25	15	78
3	2020-09-16T00:00:00Z	307.2633889768245	340.413163565043	6.420978349266607e-4	EPPN4_H	Hybrid	17	17	74
3	2020-09-16T00:00:00Z	218.155317696859	227.871551843211	6.420978349266607e-4	EPPN4_H	Hybrid	4	15	77
3	2020-09-16T00:00:00Z	339.24185029150215	350.487557331488	6.420978349266607e-4	EPPN4_H	Hybrid	4	16	75
3	2020-09-16T00:00:00Z	247.4992752753205	216.722278640673	6.420978349266607e-4	EPPN4_H	Hybrid	3	18	71
3	2020-09-16T00:00:00Z	263.35990944136313	297.080265699536	6.420978349266607e-4	EPPN4_H	Hybrid	22	18	72
3	2020-09-16T00:00:00Z	271.9804694946836	260.2999428582	6.420978349266607e-4	EPPN4_H	Hybrid	23	14	80
3	2020-09-16T00:00:00Z	245.06308648235304	228.083280916816	6.420978349266607e-4	EPPN4_H	Hybrid	17	16	76
3	2020-09-16T00:00:00Z	275.2405577011523	278.409479679559	6.420978349266607e-4	EPPN4_H	Hybrid	7	14	79
3	2020-09-16T00:00:00Z	224.8950767194706	196.320457983298	6.420978349266607e-4	EPPN4_H	Hybrid	1	17	73
3	2020-09-16T00:00:00Z	NA	262.485004974466	6.398969115255204e-4	EPPN1_L	Line	1	15	7
3	2020-09-16T00:00:00Z	257.91002082587147	280.098959187241	6.398969115255204e-4	EPPN1_L	Line	5	17	3
3	2020-09-16T00:00:00Z	NA	321.393095989951	6.398969115255204e-4	EPPN1_L	Line	13	14	9
3	2020-09-16T00:00:00Z	274.11422990074925	240.363663159342	6.398969115255204e-4	EPPN1_L	Line	18	14	10
3	2020-09-16T00:00:00Z	236.69593770687263	244.066481353873	6.398969115255204e-4	EPPN1_L	Line	3	16	5
3	2020-09-16T00:00:00Z	295.62631679248057	310.660653108135	6.398969115255204e-4	EPPN1_L	Line	20	17	4
3	2020-09-16T00:00:00Z	272.12021871696857	240.538654327729	6.398969115255204e-4	EPPN1_L	Line	19	16	6
3	2020-09-16T00:00:00Z	264.24080697504377	285.106919023025	6.398969115255204e-4	EPPN1_L	Line	15	18	2
3	2020-09-16T00:00:00Z	NA	284.400553797293	6.398969115255204e-4	EPPN1_L	Line	21	15	8
3	2020-09-16T00:00:00Z	NA	148.53949783012	6.398969115255204e-4	EPPN1_L	Line	6	18	1
3	2020-09-16T00:00:00Z	NA	64.25322160314	6.32564530032955e-4	EPPN2_L	Line	13	15	17
3	2020-09-16T00:00:00Z	143.06593532611413	136.771531660874	6.32564530032955e-4	EPPN2_L	Line	21	16	16
3	2020-09-16T00:00:00Z	128.1376921386485	103.842424707036	6.32564530032955e-4	EPPN2_L	Line	16	14	20
3	2020-09-16T00:00:00Z	199.85869329804925	196.383539170898	6.32564530032955e-4	EPPN2_L	Line	10	14	19
3	2020-09-16T00:00:00Z	NA	186.624334920852	6.32564530032955e-4	EPPN2_L	Line	11	16	15
3	2020-09-16T00:00:00Z	NA	157.780491628687	6.32564530032955e-4	EPPN2_L	Line	25	17	14
3	2020-09-16T00:00:00Z	167.66329045792187	185.169107728996	6.32564530032955e-4	EPPN2_L	Line	2	17	13
3	2020-09-16T00:00:00Z	207.0846880882413	193.095829154393	6.32564530032955e-4	EPPN2_L	Line	5	18	11
3	2020-09-16T00:00:00Z	166.8245396989022	183.96306888651	6.32564530032955e-4	EPPN2_L	Line	23	18	12
3	2020-09-16T00:00:00Z	165.7092758409286	148.273482793413	6.32564530032955e-4	EPPN2_L	Line	15	15	18
3	2020-09-16T00:00:00Z	NA	165.106882634797	6.357842706974278e-4	EPPN20_T	Line	24	14	90
3	2020-09-16T00:00:00Z	96.8277955148467	103.921712782543	6.357842706974278e-4	EPPN20_T	Line	9	14	89
3	2020-09-16T00:00:00Z	129.1637277862086	107.887994196695	6.357842706974278e-4	EPPN20_T	Line	18	15	88
3	2020-09-16T00:00:00Z	84.42959013646156	67.6210694001745	6.357842706974278e-4	EPPN20_T	Line	10	16	85
3	2020-09-16T00:00:00Z	NA	184.322224461669	6.357842706974278e-4	EPPN20_T	Line	24	17	84
3	2020-09-16T00:00:00Z	112.79080492789052	121.089540013521	6.357842706974278e-4	EPPN20_T	Line	13	17	83
3	2020-09-16T00:00:00Z	105.18897187977278	90.8922936576053	6.357842706974278e-4	EPPN20_T	Line	13	16	86
3	2020-09-16T00:00:00Z	95.6423421561574	101.089899680831	6.357842706974278e-4	EPPN20_T	Line	7	15	87
3	2020-09-16T00:00:00Z	78.12393747312828	109.398445586701	6.357842706974278e-4	EPPN20_T	Line	19	18	82
3	2020-09-16T00:00:00Z	NA	130.956236951327	6.357842706974278e-4	EPPN20_T	Line	12	18	81
3	2020-09-16T00:00:00Z	NA	263.181753522719	6.348780255039392e-4	EPPN3_L	Line	15	14	30
3	2020-09-16T00:00:00Z	313.03643815371424	277.308664042081	6.348780255039392e-4	EPPN3_L	Line	2	18	21
3	2020-09-16T00:00:00Z	269.2312893925174	297.980938131705	6.348780255039392e-4	EPPN3_L	Line	11	17	23
3	2020-09-16T00:00:00Z	NA	304.368922687972	6.348780255039392e-4	EPPN3_L	Line	5	14	29
3	2020-09-16T00:00:00Z	295.83942470786326	294.351421389578	6.348780255039392e-4	EPPN3_L	Line	9	16	25
3	2020-09-16T00:00:00Z	310.45438240773234	294.290201974748	6.348780255039392e-4	EPPN3_L	Line	22	15	28
3	2020-09-16T00:00:00Z	286.6084798324495	289.154030591871	6.348780255039392e-4	EPPN3_L	Line	9	15	27
3	2020-09-16T00:00:00Z	314.36977258700045	376.378663892747	6.348780255039392e-4	EPPN3_L	Line	18	18	22
3	2020-09-16T00:00:00Z	269.7895554287063	321.426355581531	6.348780255039392e-4	EPPN3_L	Line	18	17	24
3	2020-09-16T00:00:00Z	285.9469867962821	267.030921239479	6.348780255039392e-4	EPPN3_L	Line	26	16	26
3	2020-09-16T00:00:00Z	172.3568856185264	123.780371860726	6.3896805202718e-4	EPPN4_L	Line	20	15	38
3	2020-09-16T00:00:00Z	192.424288048247	207.58254285749	6.3896805202718e-4	EPPN4_L	Line	3	17	33
3	2020-09-16T00:00:00Z	95.45760074119556	60.9805363362881	6.3896805202718e-4	EPPN4_L	Line	20	16	36
3	2020-09-16T00:00:00Z	NA	64.0276644293765	6.3896805202718e-4	EPPN4_L	Line	17	14	40
3	2020-09-16T00:00:00Z	171.91642359329217	150.937926592647	6.3896805202718e-4	EPPN4_L	Line	9	18	31
3	2020-09-16T00:00:00Z	139.14577539446543	163.415499476858	6.3896805202718e-4	EPPN4_L	Line	14	18	32
3	2020-09-16T00:00:00Z	NA	69.6981424025899	6.3896805202718e-4	EPPN4_L	Line	6	14	39
3	2020-09-16T00:00:00Z	NA	213.105842006254	6.3896805202718e-4	EPPN4_L	Line	12	15	37
3	2020-09-16T00:00:00Z	NA	127.525836161911	6.3896805202718e-4	EPPN4_L	Line	1	16	35
3	2020-09-16T00:00:00Z	210.85029503041318	231.45834242688	6.3896805202718e-4	EPPN4_L	Line	19	17	34
4	2020-09-18T00:00:00Z	469.9268019376991	482.702248093072	3.546144993677518e-4	EPPN1_H	Hybrid	24	16	46
4	2020-09-18T00:00:00Z	507.84710033189424	544.183954916813	3.546144993677518e-4	EPPN1_H	Hybrid	26	18	42
4	2020-09-18T00:00:00Z	433.94912300524874	442.322367591941	3.546144993677518e-4	EPPN1_H	Hybrid	5	16	45
4	2020-09-18T00:00:00Z	434.7232510255905	342.561031411265	3.546144993677518e-4	EPPN1_H	Hybrid	19	15	48
4	2020-09-18T00:00:00Z	535.754668633502	547.384648132109	3.546144993677518e-4	EPPN1_H	Hybrid	11	18	41
4	2020-09-18T00:00:00Z	495.89989100407945	520.952792364755	3.546144993677518e-4	EPPN1_H	Hybrid	8	14	49
4	2020-09-18T00:00:00Z	468.55092357980004	456.658805129668	3.546144993677518e-4	EPPN1_H	Hybrid	10	17	43
4	2020-09-18T00:00:00Z	512.7243553807305	521.983541563142	3.546144993677518e-4	EPPN1_H	Hybrid	14	14	50
4	2020-09-18T00:00:00Z	478.18994802219106	487.037501340377	3.546144993677518e-4	EPPN1_H	Hybrid	5	15	47
4	2020-09-18T00:00:00Z	490.294767617714	563.473526579594	3.546144993677518e-4	EPPN1_H	Hybrid	16	17	44
4	2020-09-18T00:00:00Z	419.8563284750412	398.379187937317	3.5257106890707426e-4	EPPN2_H	Hybrid	16	15	58
4	2020-09-18T00:00:00Z	425.1580298854245	447.689110951286	3.5257106890707426e-4	EPPN2_H	Hybrid	3	15	57
4	2020-09-18T00:00:00Z	431.79315711850364	496.887689840377	3.5257106890707426e-4	EPPN2_H	Hybrid	2	14	59
4	2020-09-18T00:00:00Z	434.9167529493085	445.373509343414	3.5257106890707426e-4	EPPN2_H	Hybrid	25	14	60
4	2020-09-18T00:00:00Z	330.94421106862336	270.370648994302	3.5257106890707426e-4	EPPN2_H	Hybrid	10	18	51
4	2020-09-18T00:00:00Z	377.50908227988805	322.246065821358	3.5257106890707426e-4	EPPN2_H	Hybrid	6	17	53
4	2020-09-18T00:00:00Z	324.26906018183905	338.959570800926	3.5257106890707426e-4	EPPN2_H	Hybrid	20	18	52
4	2020-09-18T00:00:00Z	406.3692280106965	454.732718810469	3.5257106890707426e-4	EPPN2_H	Hybrid	22	17	54
4	2020-09-18T00:00:00Z	NA	424.984619241398	3.5257106890707426e-4	EPPN2_H	Hybrid	8	16	55
4	2020-09-18T00:00:00Z	326.55159629197027	310.33292278876	3.5257106890707426e-4	EPPN2_H	Hybrid	22	16	56
4	2020-09-18T00:00:00Z	318.4330000743988	304.265433364154	3.5271653556820577e-4	EPPN3_H	Hybrid	1	14	69
4	2020-09-18T00:00:00Z	NA	176.071556469692	3.5271653556820577e-4	EPPN3_H	Hybrid	19	14	70
4	2020-09-18T00:00:00Z	372.29605310988717	355.837440790316	3.5271653556820577e-4	EPPN3_H	Hybrid	13	18	62
4	2020-09-18T00:00:00Z	NA	271.702903571157	3.5271653556820577e-4	EPPN3_H	Hybrid	23	16	66
4	2020-09-18T00:00:00Z	407.6364308118993	458.510125267061	3.5271653556820577e-4	EPPN3_H	Hybrid	12	16	65
4	2020-09-18T00:00:00Z	415.8232261797629	467.513969875193	3.5271653556820577e-4	EPPN3_H	Hybrid	7	17	63
4	2020-09-18T00:00:00Z	NA	165.893596215729	3.5271653556820577e-4	EPPN3_H	Hybrid	1	18	61
4	2020-09-18T00:00:00Z	318.9305826418061	335.160311186525	3.5271653556820577e-4	EPPN3_H	Hybrid	26	15	68
4	2020-09-18T00:00:00Z	331.78099006758777	395.922369207057	3.5271653556820577e-4	EPPN3_H	Hybrid	14	17	64
4	2020-09-18T00:00:00Z	400.76727795921397	414.384043838618	3.5271653556820577e-4	EPPN3_H	Hybrid	14	15	67
4	2020-09-18T00:00:00Z	370.11256445330304	360.940122162394	3.5042755298883636e-4	EPPN4_H	Hybrid	25	15	78
4	2020-09-18T00:00:00Z	450.2058998123654	509.124467781297	3.5042755298883636e-4	EPPN4_H	Hybrid	17	17	74
4	2020-09-18T00:00:00Z	319.2502408356055	332.401223130053	3.5042755298883636e-4	EPPN4_H	Hybrid	4	15	77
4	2020-09-18T00:00:00Z	475.3697288704	483.514207503529	3.5042755298883636e-4	EPPN4_H	Hybrid	4	16	75
4	2020-09-18T00:00:00Z	391.77561598664494	361.872096919905	3.5042755298883636e-4	EPPN4_H	Hybrid	3	18	71
4	2020-09-18T00:00:00Z	372.03345713935835	415.35669236705	3.5042755298883636e-4	EPPN4_H	Hybrid	22	18	72
4	2020-09-18T00:00:00Z	397.4437339311981	378.291618632021	3.5042755298883636e-4	EPPN4_H	Hybrid	23	14	80
4	2020-09-18T00:00:00Z	364.1630649183205	339.925162016763	3.5042755298883636e-4	EPPN4_H	Hybrid	17	16	76
4	2020-09-18T00:00:00Z	388.9771545630836	398.193945736151	3.5042755298883636e-4	EPPN4_H	Hybrid	7	14	79
4	2020-09-18T00:00:00Z	326.64001764490166	247.275385466535	3.5042755298883636e-4	EPPN4_H	Hybrid	1	17	73
4	2020-09-18T00:00:00Z	NA	348.579222424585	3.548969356471132e-4	EPPN1_L	Line	1	15	7
4	2020-09-18T00:00:00Z	400.5158425341847	447.657900345512	3.548969356471132e-4	EPPN1_L	Line	5	17	3
4	2020-09-18T00:00:00Z	NA	431.333671128192	3.548969356471132e-4	EPPN1_L	Line	13	14	9
4	2020-09-18T00:00:00Z	401.93026807162056	355.234883137934	3.548969356471132e-4	EPPN1_L	Line	18	14	10
4	2020-09-18T00:00:00Z	327.5238533536521	336.12730277844	3.548969356471132e-4	EPPN1_L	Line	3	16	5
4	2020-09-18T00:00:00Z	425.4206698777496	432.345177749059	3.548969356471132e-4	EPPN1_L	Line	20	17	4
4	2020-09-18T00:00:00Z	384.01557516577986	316.990870127389	3.548969356471132e-4	EPPN1_L	Line	19	16	6
4	2020-09-18T00:00:00Z	374.3100609300542	402.73948272931	3.548969356471132e-4	EPPN1_L	Line	15	18	2
4	2020-09-18T00:00:00Z	NA	361.423355211751	3.548969356471132e-4	EPPN1_L	Line	21	15	8
4	2020-09-18T00:00:00Z	NA	209.492315242905	3.548969356471132e-4	EPPN1_L	Line	6	18	1
4	2020-09-18T00:00:00Z	NA	92.871559707387	3.491154396632866e-4	EPPN2_L	Line	13	15	17
4	2020-09-18T00:00:00Z	199.81681177866938	187.40717384449	3.491154396632866e-4	EPPN2_L	Line	21	16	16
4	2020-09-18T00:00:00Z	168.83525776748357	124.128196721763	3.491154396632866e-4	EPPN2_L	Line	16	14	20
4	2020-09-18T00:00:00Z	228.1368251002224	211.510735088088	3.491154396632866e-4	EPPN2_L	Line	10	14	19
4	2020-09-18T00:00:00Z	NA	245.302445064359	3.491154396632866e-4	EPPN2_L	Line	11	16	15
4	2020-09-18T00:00:00Z	NA	188.497911221712	3.491154396632866e-4	EPPN2_L	Line	25	17	14
4	2020-09-18T00:00:00Z	196.33815597036258	235.156789538025	3.491154396632866e-4	EPPN2_L	Line	2	17	13
4	2020-09-18T00:00:00Z	256.2527692622566	260.226340228065	3.491154396632866e-4	EPPN2_L	Line	5	18	11
4	2020-09-18T00:00:00Z	212.4990571077711	227.366462305043	3.491154396632866e-4	EPPN2_L	Line	23	18	12
4	2020-09-18T00:00:00Z	216.33380005873386	183.344202890464	3.491154396632866e-4	EPPN2_L	Line	15	15	18
4	2020-09-18T00:00:00Z	NA	178.645958515445	3.5145282145247113e-4	EPPN20_T	Line	24	14	90
4	2020-09-18T00:00:00Z	105.37982326663315	105.019613773898	3.5145282145247113e-4	EPPN20_T	Line	9	14	89
4	2020-09-18T00:00:00Z	155.73765129817468	139.149924202043	3.5145282145247113e-4	EPPN20_T	Line	18	15	88
4	2020-09-18T00:00:00Z	125.62069098154073	84.0947368163357	3.5145282145247113e-4	EPPN20_T	Line	10	16	85
4	2020-09-18T00:00:00Z	NA	230.442826851951	3.5145282145247113e-4	EPPN20_T	Line	24	17	84
4	2020-09-18T00:00:00Z	139.27195075493108	157.293462715872	3.5145282145247113e-4	EPPN20_T	Line	13	17	83
4	2020-09-18T00:00:00Z	112.8376402416173	89.1972088717096	3.5145282145247113e-4	EPPN20_T	Line	13	16	86
4	2020-09-18T00:00:00Z	93.36696486395527	110.256255118441	3.5145282145247113e-4	EPPN20_T	Line	7	15	87
4	2020-09-18T00:00:00Z	92.60747791811596	122.811400154566	3.5145282145247113e-4	EPPN20_T	Line	19	18	82
4	2020-09-18T00:00:00Z	NA	178.65332115183801	3.5145282145247113e-4	EPPN20_T	Line	12	18	81
4	2020-09-18T00:00:00Z	NA	331.22799203256	3.505638178628655e-4	EPPN3_L	Line	15	14	30
4	2020-09-18T00:00:00Z	408.9881792834111	372.983967536847	3.505638178628655e-4	EPPN3_L	Line	2	18	21
4	2020-09-18T00:00:00Z	373.7840281415165	432.195400711799	3.505638178628655e-4	EPPN3_L	Line	11	17	23
4	2020-09-18T00:00:00Z	NA	384.782358960168	3.505638178628655e-4	EPPN3_L	Line	5	14	29
4	2020-09-18T00:00:00Z	410.60718890682494	392.652136560652	3.505638178628655e-4	EPPN3_L	Line	9	16	25
4	2020-09-18T00:00:00Z	463.81533565787055	446.703026520283	3.505638178628655e-4	EPPN3_L	Line	22	15	28
4	2020-09-18T00:00:00Z	409.44427201858747	405.074630652992	3.505638178628655e-4	EPPN3_L	Line	9	15	27
4	2020-09-18T00:00:00Z	447.1490911748215	559.206620818225	3.505638178628655e-4	EPPN3_L	Line	18	18	22
4	2020-09-18T00:00:00Z	344.55706065632694	442.767323172825	3.505638178628655e-4	EPPN3_L	Line	18	17	24
4	2020-09-18T00:00:00Z	428.68511501107304	427.565234741657	3.505638178628655e-4	EPPN3_L	Line	26	16	26
4	2020-09-18T00:00:00Z	229.13217630207473	139.194795468757	3.535734731640473e-4	EPPN4_L	Line	20	15	38
4	2020-09-18T00:00:00Z	245.60663241667265	276.649647252382	3.535734731640473e-4	EPPN4_L	Line	3	17	33
4	2020-09-18T00:00:00Z	143.15982640579097	71.2470940171322	3.535734731640473e-4	EPPN4_L	Line	20	16	36
4	2020-09-18T00:00:00Z	NA	77.8675603484998	3.535734731640473e-4	EPPN4_L	Line	17	14	40
4	2020-09-18T00:00:00Z	211.53583323950798	177.360204485821	3.535734731640473e-4	EPPN4_L	Line	9	18	31
4	2020-09-18T00:00:00Z	183.54586303871403	223.624276852338	3.535734731640473e-4	EPPN4_L	Line	14	18	32
4	2020-09-18T00:00:00Z	NA	82.5002812099148	3.535734731640473e-4	EPPN4_L	Line	6	14	39
4	2020-09-18T00:00:00Z	NA	296.576680509138	3.535734731640473e-4	EPPN4_L	Line	12	15	37
4	2020-09-18T00:00:00Z	NA	162.389216226341	3.535734731640473e-4	EPPN4_L	Line	1	16	35
4	2020-09-18T00:00:00Z	280.1544778345069	297.641909682403	3.535734731640473e-4	EPPN4_L	Line	19	17	34
5	2020-09-21T00:00:00Z	726.4434213998741	724.579883205715	1.0344499636797499e-4	EPPN1_H	Hybrid	24	16	46
5	2020-09-21T00:00:00Z	819.7766523886223	856.886640529884	1.0344499636797499e-4	EPPN1_H	Hybrid	26	18	42
5	2020-09-21T00:00:00Z	752.868637917954	765.532606738357	1.0344499636797499e-4	EPPN1_H	Hybrid	5	16	45
5	2020-09-21T00:00:00Z	640.7905753444597	538.148163230781	1.0344499636797499e-4	EPPN1_H	Hybrid	19	15	48
5	2020-09-21T00:00:00Z	886.1473046586152	911.426414769912	1.0344499636797499e-4	EPPN1_H	Hybrid	11	18	41
5	2020-09-21T00:00:00Z	798.2412223936768	835.929997591169	1.0344499636797499e-4	EPPN1_H	Hybrid	8	14	49
5	2020-09-21T00:00:00Z	800.6212771109417	821.502979996383	1.0344499636797499e-4	EPPN1_H	Hybrid	10	17	43
5	2020-09-21T00:00:00Z	900.3770417090004	930.242556830953	1.0344499636797499e-4	EPPN1_H	Hybrid	14	14	50
5	2020-09-21T00:00:00Z	733.3885496121285	769.708947069264	1.0344499636797499e-4	EPPN1_H	Hybrid	5	15	47
5	2020-09-21T00:00:00Z	800.5598251073445	884.127343810908	1.0344499636797499e-4	EPPN1_H	Hybrid	16	17	44
5	2020-09-21T00:00:00Z	719.2357300854928	700.860837003953	1.031525657472343e-4	EPPN2_H	Hybrid	16	15	58
5	2020-09-21T00:00:00Z	790.4958876511588	843.773528589977	1.031525657472343e-4	EPPN2_H	Hybrid	3	15	57
5	2020-09-21T00:00:00Z	706.4543671921402	813.815633293651	1.031525657472343e-4	EPPN2_H	Hybrid	2	14	59
5	2020-09-21T00:00:00Z	751.3498088174181	756.53807700099	1.031525657472343e-4	EPPN2_H	Hybrid	25	14	60
5	2020-09-21T00:00:00Z	527.5476568605839	484.698325060983	1.031525657472343e-4	EPPN2_H	Hybrid	10	18	51
5	2020-09-21T00:00:00Z	562.5238969966384	500.5811999415	1.031525657472343e-4	EPPN2_H	Hybrid	6	17	53
5	2020-09-21T00:00:00Z	589.8558357082395	633.635433366956	1.031525657472343e-4	EPPN2_H	Hybrid	20	18	52
5	2020-09-21T00:00:00Z	585.3804558504248	635.370520838207	1.031525657472343e-4	EPPN2_H	Hybrid	22	17	54
5	2020-09-21T00:00:00Z	NA	737.057153911043	1.031525657472343e-4	EPPN2_H	Hybrid	8	16	55
5	2020-09-21T00:00:00Z	650.806332796591	604.599230841301	1.031525657472343e-4	EPPN2_H	Hybrid	22	16	56
5	2020-09-21T00:00:00Z	590.9959264945653	599.251154281295	1.0297791182750383e-4	EPPN3_H	Hybrid	1	14	69
5	2020-09-21T00:00:00Z	NA	353.042998318987	1.0297791182750383e-4	EPPN3_H	Hybrid	19	14	70
5	2020-09-21T00:00:00Z	668.1000301601108	668.943862804873	1.0297791182750383e-4	EPPN3_H	Hybrid	13	18	62
5	2020-09-21T00:00:00Z	NA	471.833694354328	1.0297791182750383e-4	EPPN3_H	Hybrid	23	16	66
5	2020-09-21T00:00:00Z	690.4105962100296	759.917000871599	1.0297791182750383e-4	EPPN3_H	Hybrid	12	16	65
5	2020-09-21T00:00:00Z	683.4325783867674	721.508961388212	1.0297791182750383e-4	EPPN3_H	Hybrid	7	17	63
5	2020-09-21T00:00:00Z	NA	240.776796999329	1.0297791182750383e-4	EPPN3_H	Hybrid	1	18	61
5	2020-09-21T00:00:00Z	598.3210890103037	584.919691927905	1.0297791182750383e-4	EPPN3_H	Hybrid	26	15	68
5	2020-09-21T00:00:00Z	587.2217349910762	696.012844658784	1.0297791182750383e-4	EPPN3_H	Hybrid	14	17	64
5	2020-09-21T00:00:00Z	747.62667177353	785.378808582452	1.0297791182750383e-4	EPPN3_H	Hybrid	14	15	67
5	2020-09-21T00:00:00Z	638.2590809256244	600.621004574445	1.0283823478665391e-4	EPPN4_H	Hybrid	25	15	78
5	2020-09-21T00:00:00Z	800.3601365860042	849.871952761939	1.0283823478665391e-4	EPPN4_H	Hybrid	17	17	74
5	2020-09-21T00:00:00Z	569.3995123973642	601.276066584317	1.0283823478665391e-4	EPPN4_H	Hybrid	4	15	77
5	2020-09-21T00:00:00Z	819.3918493632439	820.992558663945	1.0283823478665391e-4	EPPN4_H	Hybrid	4	16	75
5	2020-09-21T00:00:00Z	701.6901925179045	602.392648815524	1.0283823478665391e-4	EPPN4_H	Hybrid	3	18	71
5	2020-09-21T00:00:00Z	685.6350146959717	744.875215509194	1.0283823478665391e-4	EPPN4_H	Hybrid	22	18	72
5	2020-09-21T00:00:00Z	705.3967138994093	672.265039541271	1.0283823478665391e-4	EPPN4_H	Hybrid	23	14	80
5	2020-09-21T00:00:00Z	622.8599317340933	578.85185248464	1.0283823478665391e-4	EPPN4_H	Hybrid	17	16	76
5	2020-09-21T00:00:00Z	706.6790035163467	733.064615228601	1.0283823478665391e-4	EPPN4_H	Hybrid	7	14	79
5	2020-09-21T00:00:00Z	582.9256067563254	474.964652004358	1.0283823478665391e-4	EPPN4_H	Hybrid	1	17	73
5	2020-09-21T00:00:00Z	NA	536.350446418516	1.0266698590187984e-4	EPPN1_L	Line	1	15	7
5	2020-09-21T00:00:00Z	630.6860106862309	661.896474337812	1.0266698590187984e-4	EPPN1_L	Line	5	17	3
5	2020-09-21T00:00:00Z	NA	700.751306812068	1.0266698590187984e-4	EPPN1_L	Line	13	14	9
5	2020-09-21T00:00:00Z	621.0710494911858	583.184622972507	1.0266698590187984e-4	EPPN1_L	Line	18	14	10
5	2020-09-21T00:00:00Z	419.9136476237625	434.675893194864	1.0266698590187984e-4	EPPN1_L	Line	3	16	5
5	2020-09-21T00:00:00Z	682.2132877975471	715.982100985903	1.0266698590187984e-4	EPPN1_L	Line	20	17	4
5	2020-09-21T00:00:00Z	621.0200879350347	540.248816680924	1.0266698590187984e-4	EPPN1_L	Line	19	16	6
5	2020-09-21T00:00:00Z	593.7389919020284	619.487012231374	1.0266698590187984e-4	EPPN1_L	Line	15	18	2
5	2020-09-21T00:00:00Z	NA	521.529309285808	1.0266698590187984e-4	EPPN1_L	Line	21	15	8
5	2020-09-21T00:00:00Z	NA	390.192006583801	1.0266698590187984e-4	EPPN1_L	Line	6	18	1
5	2020-09-21T00:00:00Z	NA	155.184958424653	1.0160288920226664e-4	EPPN2_L	Line	13	15	17
5	2020-09-21T00:00:00Z	338.93032355152445	303.749519203416	1.0160288920226664e-4	EPPN2_L	Line	21	16	16
5	2020-09-21T00:00:00Z	268.4264546083265	237.147030949962	1.0160288920226664e-4	EPPN2_L	Line	16	14	20
5	2020-09-21T00:00:00Z	407.6135563123692	396.178839768848	1.0160288920226664e-4	EPPN2_L	Line	10	14	19
5	2020-09-21T00:00:00Z	NA	358.18812451634	1.0160288920226664e-4	EPPN2_L	Line	11	16	15
5	2020-09-21T00:00:00Z	NA	268.396870439513	1.0160288920226664e-4	EPPN2_L	Line	25	17	14
5	2020-09-21T00:00:00Z	323.28499467338236	343.718295634802	1.0160288920226664e-4	EPPN2_L	Line	2	17	13
5	2020-09-21T00:00:00Z	423.08201324155715	362.999033712683	1.0160288920226664e-4	EPPN2_L	Line	5	18	11
5	2020-09-21T00:00:00Z	316.80863696326725	354.433423252428	1.0160288920226664e-4	EPPN2_L	Line	23	18	12
5	2020-09-21T00:00:00Z	332.9568271964164	295.399407501218	1.0160288920226664e-4	EPPN2_L	Line	15	15	18
5	2020-09-21T00:00:00Z	NA	310.151238067239	1.0195500648816559e-4	EPPN20_T	Line	24	14	90
5	2020-09-21T00:00:00Z	147.26672541194827	152.596278434461	1.0195500648816559e-4	EPPN20_T	Line	9	14	89
5	2020-09-21T00:00:00Z	238.8897084129492	212.73253800837	1.0195500648816559e-4	EPPN20_T	Line	18	15	88
5	2020-09-21T00:00:00Z	159.08979205597896	138.629402833225	1.0195500648816559e-4	EPPN20_T	Line	10	16	85
5	2020-09-21T00:00:00Z	NA	380.752880019246	1.0195500648816559e-4	EPPN20_T	Line	24	17	84
5	2020-09-21T00:00:00Z	192.07486516367453	235.227124243107	1.0195500648816559e-4	EPPN20_T	Line	13	17	83
5	2020-09-21T00:00:00Z	142.41135733341235	126.960763219962	1.0195500648816559e-4	EPPN20_T	Line	13	16	86
5	2020-09-21T00:00:00Z	145.31687315718952	168.862077436697	1.0195500648816559e-4	EPPN20_T	Line	7	15	87
5	2020-09-21T00:00:00Z	147.12109430138568	176.052998789265	1.0195500648816559e-4	EPPN20_T	Line	19	18	82
5	2020-09-21T00:00:00Z	NA	281.627502342743	1.0195500648816559e-4	EPPN20_T	Line	12	18	81
5	2020-09-21T00:00:00Z	NA	552.614718411061	1.0185440646299075e-4	EPPN3_L	Line	15	14	30
5	2020-09-21T00:00:00Z	729.2417203567494	624.081179509085	1.0185440646299075e-4	EPPN3_L	Line	2	18	21
5	2020-09-21T00:00:00Z	663.12633414136906	746.09103909736	1.0185440646299075e-4	EPPN3_L	Line	11	17	23
5	2020-09-21T00:00:00Z	NA	678.546397442264	1.0185440646299075e-4	EPPN3_L	Line	5	14	29
5	2020-09-21T00:00:00Z	738.4009266554755	732.039632528541	1.0185440646299075e-4	EPPN3_L	Line	9	16	25
5	2020-09-21T00:00:00Z	730.6233504679809	679.907006369805	1.0185440646299075e-4	EPPN3_L	Line	22	15	28
5	2020-09-21T00:00:00Z	644.94093583145	650.350550555239	1.0185440646299075e-4	EPPN3_L	Line	9	15	27
5	2020-09-21T00:00:00Z	656.9271002339844	755.555003595374	1.0185440646299075e-4	EPPN3_L	Line	18	18	22
5	2020-09-21T00:00:00Z	666.8419126235334	762.985158224312	1.0185440646299075e-4	EPPN3_L	Line	18	17	24
5	2020-09-21T00:00:00Z	659.2843308496732	621.926121426823	1.0185440646299075e-4	EPPN3_L	Line	26	16	26
5	2020-09-21T00:00:00Z	312.87462802348807	226.411601476275	1.0241154720489699e-4	EPPN4_L	Line	20	15	38
5	2020-09-21T00:00:00Z	400.5062785425716	413.871893772211	1.0241154720489699e-4	EPPN4_L	Line	3	17	33
5	2020-09-21T00:00:00Z	191.73820015868102	123.190134700461	1.0241154720489699e-4	EPPN4_L	Line	20	16	36
5	2020-09-21T00:00:00Z	NA	105.637805796277	1.0241154720489699e-4	EPPN4_L	Line	17	14	40
5	2020-09-21T00:00:00Z	306.33810306453887	268.735226917453	1.0241154720489699e-4	EPPN4_L	Line	9	18	31
5	2020-09-21T00:00:00Z	231.4291570863512	307.133814602019	1.0241154720489699e-4	EPPN4_L	Line	14	18	32
5	2020-09-21T00:00:00Z	NA	168.647986903959	1.0241154720489699e-4	EPPN4_L	Line	6	14	39
5	2020-09-21T00:00:00Z	NA	519.606592533505	1.0241154720489699e-4	EPPN4_L	Line	12	15	37
5	2020-09-21T00:00:00Z	NA	286.478122410732	1.0241154720489699e-4	EPPN4_L	Line	1	16	35
5	2020-09-21T00:00:00Z	464.17651617423707	485.693313392499	1.0241154720489699e-4	EPPN4_L	Line	19	17	34
6	2020-09-23T00:00:00Z	1013.9800157485404	1025.37136761076	5.9213557820082955e-5	EPPN1_H	Hybrid	24	16	46
6	2020-09-23T00:00:00Z	1135.5113562017086	1140.37429112015	5.9213557820082955e-5	EPPN1_H	Hybrid	26	18	42
6	2020-09-23T00:00:00Z	986.1360790212921	987.602608403291	5.9213557820082955e-5	EPPN1_H	Hybrid	5	16	45
6	2020-09-23T00:00:00Z	807.5517081862008	688.957871242164	5.9213557820082955e-5	EPPN1_H	Hybrid	19	15	48
6	2020-09-23T00:00:00Z	1124.6239109943767	1108.88096850043	5.9213557820082955e-5	EPPN1_H	Hybrid	11	18	41
6	2020-09-23T00:00:00Z	1054.0675388179698	1095.08622650989	5.9213557820082955e-5	EPPN1_H	Hybrid	8	14	49
6	2020-09-23T00:00:00Z	1056.9876348417358	1084.28420339136	5.9213557820082955e-5	EPPN1_H	Hybrid	10	17	43
6	2020-09-23T00:00:00Z	1255.7159132731351	1297.43257986943	5.9213557820082955e-5	EPPN1_H	Hybrid	14	14	50
6	2020-09-23T00:00:00Z	1067.7951414161055	1109.17679716856	5.9213557820082955e-5	EPPN1_H	Hybrid	5	15	47
6	2020-09-23T00:00:00Z	1128.689924331128	1228.99105160799	5.9213557820082955e-5	EPPN1_H	Hybrid	16	17	44
6	2020-09-23T00:00:00Z	831.7106233720758	804.491886359213	5.9049847093679425e-5	EPPN2_H	Hybrid	16	15	58
6	2020-09-23T00:00:00Z	1087.9733780688935	1148.05851618991	5.9049847093679425e-5	EPPN2_H	Hybrid	3	15	57
6	2020-09-23T00:00:00Z	885.5454786894439	987.954334357444	5.9049847093679425e-5	EPPN2_H	Hybrid	2	14	59
6	2020-09-23T00:00:00Z	995.6766293559572	1019.91341510163	5.9049847093679425e-5	EPPN2_H	Hybrid	25	14	60
6	2020-09-23T00:00:00Z	752.495190227889	693.769265870442	5.9049847093679425e-5	EPPN2_H	Hybrid	10	18	51
6	2020-09-23T00:00:00Z	737.7564822452973	674.669730599233	5.9049847093679425e-5	EPPN2_H	Hybrid	6	17	53
6	2020-09-23T00:00:00Z	749.9870086238043	810.606468950322	5.9049847093679425e-5	EPPN2_H	Hybrid	20	18	52
6	2020-09-23T00:00:00Z	791.1770240195868	856.97441731885306	5.9049847093679425e-5	EPPN2_H	Hybrid	22	17	54
6	2020-09-23T00:00:00Z	NA	921.175055070954	5.9049847093679425e-5	EPPN2_H	Hybrid	8	16	55
6	2020-09-23T00:00:00Z	876.1588808821481	830.285808026389	5.9049847093679425e-5	EPPN2_H	Hybrid	22	16	56
6	2020-09-23T00:00:00Z	809.5044006975613	847.95229887941	5.905355757660856e-5	EPPN3_H	Hybrid	1	14	69
6	2020-09-23T00:00:00Z	NA	502.370935389822	5.905355757660856e-5	EPPN3_H	Hybrid	19	14	70
6	2020-09-23T00:00:00Z	878.5016829027311	875.123514015458	5.905355757660856e-5	EPPN3_H	Hybrid	13	18	62
6	2020-09-23T00:00:00Z	NA	655.301474332914	5.905355757660856e-5	EPPN3_H	Hybrid	23	16	66
6	2020-09-23T00:00:00Z	991.4058639634409	1082.70533983456	5.905355757660856e-5	EPPN3_H	Hybrid	12	16	65
6	2020-09-23T00:00:00Z	915.1920034995196	959.436815418455	5.905355757660856e-5	EPPN3_H	Hybrid	7	17	63
6	2020-09-23T00:00:00Z	NA	332.903120648901	5.905355757660856e-5	EPPN3_H	Hybrid	1	18	61
6	2020-09-23T00:00:00Z	784.1793938314324	793.174283843025	5.905355757660856e-5	EPPN3_H	Hybrid	26	15	68
6	2020-09-23T00:00:00Z	778.0999000370213	898.383804345321	5.905355757660856e-5	EPPN3_H	Hybrid	14	17	64
6	2020-09-23T00:00:00Z	950.8231958034679	997.929862335613	5.905355757660856e-5	EPPN3_H	Hybrid	14	15	67
6	2020-09-23T00:00:00Z	846.4714709887069	827.563928751204	5.8932667559072423e-05	EPPN4_H	Hybrid	25	15	78
6	2020-09-23T00:00:00Z	1052.6048311364575	1136.59671277684	5.8932667559072423e-05	EPPN4_H	Hybrid	17	17	74
6	2020-09-23T00:00:00Z	821.4963568140433	842.468310041837	5.8932667559072423e-05	EPPN4_H	Hybrid	4	15	77
6	2020-09-23T00:00:00Z	981.8466414167393	953.78684698787	5.8932667559072423e-05	EPPN4_H	Hybrid	4	16	75
6	2020-09-23T00:00:00Z	928.8135188017967	798.419602185948	5.8932667559072423e-05	EPPN4_H	Hybrid	3	18	71
6	2020-09-23T00:00:00Z	848.4115740936646	900.836304677752	5.8932667559072423e-05	EPPN4_H	Hybrid	22	18	72
6	2020-09-23T00:00:00Z	936.0523107855581	916.549890534886	5.8932667559072423e-05	EPPN4_H	Hybrid	23	14	80
6	2020-09-23T00:00:00Z	856.5944832747989	816.29390231752	5.8932667559072423e-05	EPPN4_H	Hybrid	17	16	76
6	2020-09-23T00:00:00Z	949.6394228482218	983.179916204283	5.8932667559072423e-05	EPPN4_H	Hybrid	7	14	79
6	2020-09-23T00:00:00Z	830.2323407687397	694.723326720914	5.8932667559072423e-05	EPPN4_H	Hybrid	1	17	73
6	2020-09-23T00:00:00Z	NA	695.066410449273	5.8902868165173174e-5	EPPN1_L	Line	1	15	7
6	2020-09-23T00:00:00Z	815.5255953973709	850.533193383003	5.8902868165173174e-5	EPPN1_L	Line	5	17	3
6	2020-09-23T00:00:00Z	NA	966.554925153437	5.8902868165173174e-5	EPPN1_L	Line	13	14	9
6	2020-09-23T00:00:00Z	839.3790773604956	771.281591767532	5.8902868165173174e-5	EPPN1_L	Line	18	14	10
6	2020-09-23T00:00:00Z	513.5990873549413	511.77136641075	5.8902868165173174e-5	EPPN1_L	Line	3	16	5
6	2020-09-23T00:00:00Z	844.0416162396576	904.379221994111	5.8902868165173174e-5	EPPN1_L	Line	20	17	4
6	2020-09-23T00:00:00Z	792.6150639249017	698.562195751203	5.8902868165173174e-5	EPPN1_L	Line	19	16	6
6	2020-09-23T00:00:00Z	797.7213737074853	832.279528753119	5.8902868165173174e-5	EPPN1_L	Line	15	18	2
6	2020-09-23T00:00:00Z	NA	694.581583848511	5.8902868165173174e-5	EPPN1_L	Line	21	15	8
6	2020-09-23T00:00:00Z	NA	510.314958267879	5.8902868165173174e-5	EPPN1_L	Line	6	18	1
6	2020-09-23T00:00:00Z	NA	219.336655562639	5.832257722095199e-5	EPPN2_L	Line	13	15	17
6	2020-09-23T00:00:00Z	402.39186312292475	368.056181839688	5.832257722095199e-5	EPPN2_L	Line	21	16	16
6	2020-09-23T00:00:00Z	347.90088841563875	295.18999908114	5.832257722095199e-5	EPPN2_L	Line	16	14	20
6	2020-09-23T00:00:00Z	472.7501711022032	495.163246113118	5.832257722095199e-5	EPPN2_L	Line	10	14	19
6	2020-09-23T00:00:00Z	NA	409.73094665946	5.832257722095199e-5	EPPN2_L	Line	11	16	15
6	2020-09-23T00:00:00Z	NA	308.080640636947	5.832257722095199e-5	EPPN2_L	Line	25	17	14
6	2020-09-23T00:00:00Z	370.69521872513366	350.824014934223	5.832257722095199e-5	EPPN2_L	Line	2	17	13
6	2020-09-23T00:00:00Z	524.3310469079652	452.433964735636	5.832257722095199e-5	EPPN2_L	Line	5	18	11
6	2020-09-23T00:00:00Z	420.5825358809232	452.140597865885	5.832257722095199e-5	EPPN2_L	Line	23	18	12
6	2020-09-23T00:00:00Z	401.61167237254165	367.430195108147	5.832257722095199e-5	EPPN2_L	Line	15	15	18
6	2020-09-23T00:00:00Z	NA	382.905618076963	5.855842051344286e-5	EPPN20_T	Line	24	14	90
6	2020-09-23T00:00:00Z	149.81623427707132	194.323440264405	5.855842051344286e-5	EPPN20_T	Line	9	14	89
6	2020-09-23T00:00:00Z	287.70965547115577	252.451317377054	5.855842051344286e-5	EPPN20_T	Line	18	15	88
6	2020-09-23T00:00:00Z	200.41240708986163	177.781391263331	5.855842051344286e-5	EPPN20_T	Line	10	16	85
6	2020-09-23T00:00:00Z	NA	521.121572896009	5.855842051344286e-5	EPPN20_T	Line	24	17	84
6	2020-09-23T00:00:00Z	245.59693597845956	304.652086550804	5.855842051344286e-5	EPPN20_T	Line	13	17	83
6	2020-09-23T00:00:00Z	161.47452870857964	149.738726337405	5.855842051344286e-5	EPPN20_T	Line	13	16	86
6	2020-09-23T00:00:00Z	166.47364871942963	199.103476692241	5.855842051344286e-5	EPPN20_T	Line	7	15	87
6	2020-09-23T00:00:00Z	180.0178700929789	220.175203930277	5.855842051344286e-5	EPPN20_T	Line	19	18	82
6	2020-09-23T00:00:00Z	NA	378.195419299135	5.855842051344286e-5	EPPN20_T	Line	12	18	81
6	2020-09-23T00:00:00Z	NA	660.825038115229	5.855310202464625e-5	EPPN3_L	Line	15	14	30
6	2020-09-23T00:00:00Z	947.2297321693927	773.062239176492	5.855310202464625e-5	EPPN3_L	Line	2	18	21
6	2020-09-23T00:00:00Z	818.1794232849553	883.4316740582	5.855310202464625e-5	EPPN3_L	Line	11	17	23
6	2020-09-23T00:00:00Z	NA	822.75619443165	5.855310202464625e-5	EPPN3_L	Line	5	14	29
6	2020-09-23T00:00:00Z	975.5010020554396	977.958012942905	5.855310202464625e-5	EPPN3_L	Line	9	16	25
6	2020-09-23T00:00:00Z	926.2735973727063	882.278470145588	5.855310202464625e-5	EPPN3_L	Line	22	15	28
6	2020-09-23T00:00:00Z	884.227922516599	921.581433263602	5.855310202464625e-5	EPPN3_L	Line	9	15	27
6	2020-09-23T00:00:00Z	815.4575572040699	938.024403385797	5.855310202464625e-5	EPPN3_L	Line	18	18	22
6	2020-09-23T00:00:00Z	808.7797089122779	929.846252752491	5.855310202464625e-5	EPPN3_L	Line	18	17	24
6	2020-09-23T00:00:00Z	829.6099719118441	795.720195425104	5.855310202464625e-5	EPPN3_L	Line	26	16	26
6	2020-09-23T00:00:00Z	446.92813620496645	361.775475436525	5.882935982484031e-5	EPPN4_L	Line	20	15	38
6	2020-09-23T00:00:00Z	521.5806445319284	526.591393537038	5.882935982484031e-5	EPPN4_L	Line	3	17	33
6	2020-09-23T00:00:00Z	240.28656294010395	173.465988140855	5.882935982484031e-5	EPPN4_L	Line	20	16	36
6	2020-09-23T00:00:00Z	NA	123.447434378387	5.882935982484031e-5	EPPN4_L	Line	17	14	40
6	2020-09-23T00:00:00Z	368.108206448755	329.552735967539	5.882935982484031e-5	EPPN4_L	Line	9	18	31
6	2020-09-23T00:00:00Z	289.8363081187138	361.700311396283	5.882935982484031e-5	EPPN4_L	Line	14	18	32
6	2020-09-23T00:00:00Z	NA	204.896531495053	5.882935982484031e-5	EPPN4_L	Line	6	14	39
6	2020-09-23T00:00:00Z	NA	692.823555874953	5.882935982484031e-5	EPPN4_L	Line	12	15	37
6	2020-09-23T00:00:00Z	NA	361.22146142562	5.882935982484031e-5	EPPN4_L	Line	1	16	35
6	2020-09-23T00:00:00Z	575.7470232394812	612.696554836999	5.882935982484031e-5	EPPN4_L	Line	19	17	34
7	2020-09-25T00:00:00Z	1186.267833048636	1173.87606747328	3.8341409542317517e-5	EPPN1_H	Hybrid	24	16	46
7	2020-09-25T00:00:00Z	1330.2326443077393	1367.92418094903	3.8341409542317517e-5	EPPN1_H	Hybrid	26	18	42
7	2020-09-25T00:00:00Z	1122.4742695176687	1148.42962917134	3.8341409542317517e-5	EPPN1_H	Hybrid	5	16	45
7	2020-09-25T00:00:00Z	1066.7005956249222	921.277319191795	3.8341409542317517e-5	EPPN1_H	Hybrid	19	15	48
7	2020-09-25T00:00:00Z	1471.3947729135498	1514.31226470425	3.8341409542317517e-5	EPPN1_H	Hybrid	11	18	41
7	2020-09-25T00:00:00Z	1337.5543939531653	1379.94946734046	3.8341409542317517e-5	EPPN1_H	Hybrid	8	14	49
7	2020-09-25T00:00:00Z	1206.3230191522653	1240.35365705637	3.8341409542317517e-5	EPPN1_H	Hybrid	10	17	43
7	2020-09-25T00:00:00Z	1424.77290167861	1439.4490510889	3.8341409542317517e-5	EPPN1_H	Hybrid	14	14	50
7	2020-09-25T00:00:00Z	1374.7325503675288	1465.89839310284	3.8341409542317517e-5	EPPN1_H	Hybrid	5	15	47
7	2020-09-25T00:00:00Z	1394.7403431591313	1525.72213168878	3.8341409542317517e-5	EPPN1_H	Hybrid	16	17	44
7	2020-09-25T00:00:00Z	1122.8856124640308	1127.7302356963	3.824466875251982e-5	EPPN2_H	Hybrid	16	15	58
7	2020-09-25T00:00:00Z	1355.2230049850623	1481.94119063766	3.824466875251982e-5	EPPN2_H	Hybrid	3	15	57
7	2020-09-25T00:00:00Z	1102.9282451633187	1141.89206308298	3.824466875251982e-5	EPPN2_H	Hybrid	2	14	59
7	2020-09-25T00:00:00Z	1257.9197451529483	1301.09344677667	3.824466875251982e-5	EPPN2_H	Hybrid	25	14	60
7	2020-09-25T00:00:00Z	1009.3838498259719	959.86743899602	3.824466875251982e-5	EPPN2_H	Hybrid	10	18	51
7	2020-09-25T00:00:00Z	967.6634674367808	883.54941333123	3.824466875251982e-5	EPPN2_H	Hybrid	6	17	53
7	2020-09-25T00:00:00Z	1039.4267051936836	1149.90925225698	3.824466875251982e-5	EPPN2_H	Hybrid	20	18	52
7	2020-09-25T00:00:00Z	916.4129813262961	953.806291475753	3.824466875251982e-5	EPPN2_H	Hybrid	22	17	54
7	2020-09-25T00:00:00Z	NA	1180.39418888767	3.824466875251982e-5	EPPN2_H	Hybrid	8	16	55
7	2020-09-25T00:00:00Z	1142.570422346343	1033.60652472144	3.824466875251982e-5	EPPN2_H	Hybrid	22	16	56
7	2020-09-25T00:00:00Z	1112.9043145981693	1060.24594157661	3.820553031941193e-5	EPPN3_H	Hybrid	1	14	69
7	2020-09-25T00:00:00Z	NA	614.771730036092	3.820553031941193e-5	EPPN3_H	Hybrid	19	14	70
7	2020-09-25T00:00:00Z	1184.951832637155	1219.7279917471	3.820553031941193e-5	EPPN3_H	Hybrid	13	18	62
7	2020-09-25T00:00:00Z	NA	771.870036398759	3.820553031941193e-5	EPPN3_H	Hybrid	23	16	66
7	2020-09-25T00:00:00Z	1303.797176089534	1426.97139233205	3.820553031941193e-5	EPPN3_H	Hybrid	12	16	65
7	2020-09-25T00:00:00Z	1148.6837956801623	1172.7439056753	3.820553031941193e-5	EPPN3_H	Hybrid	7	17	63
7	2020-09-25T00:00:00Z	NA	426.993546411426	3.820553031941193e-5	EPPN3_H	Hybrid	1	18	61
7	2020-09-25T00:00:00Z	1099.3948365279825	1110.53777451526	3.820553031941193e-5	EPPN3_H	Hybrid	26	15	68
7	2020-09-25T00:00:00Z	1114.622885126577	1255.07125588288	3.820553031941193e-5	EPPN3_H	Hybrid	14	17	64
7	2020-09-25T00:00:00Z	1247.0788650647344	1310.69511438043	3.820553031941193e-5	EPPN3_H	Hybrid	14	15	67
7	2020-09-25T00:00:00Z	1091.9596271620644	1072.8817328854	3.815656084159035e-5	EPPN4_H	Hybrid	25	15	78
7	2020-09-25T00:00:00Z	1230.1967599881546	1280.51708127811	3.815656084159035e-5	EPPN4_H	Hybrid	17	17	74
7	2020-09-25T00:00:00Z	1017.0403702042834	1080.93483233716	3.815656084159035e-5	EPPN4_H	Hybrid	4	15	77
7	2020-09-25T00:00:00Z	1275.9711963692878	1268.42534916404	3.815656084159035e-5	EPPN4_H	Hybrid	4	16	75
7	2020-09-25T00:00:00Z	1220.7386060347644	1088.98976808239	3.815656084159035e-5	EPPN4_H	Hybrid	3	18	71
7	2020-09-25T00:00:00Z	1082.2400910007873	1155.20198990981	3.815656084159035e-5	EPPN4_H	Hybrid	22	18	72
7	2020-09-25T00:00:00Z	1185.2177388895402	1140.74161341145	3.815656084159035e-5	EPPN4_H	Hybrid	23	14	80
7	2020-09-25T00:00:00Z	1034.515050745491	935.318530602935	3.815656084159035e-5	EPPN4_H	Hybrid	17	16	76
7	2020-09-25T00:00:00Z	1144.3515739755576	1140.22847331023	3.815656084159035e-5	EPPN4_H	Hybrid	7	14	79
7	2020-09-25T00:00:00Z	1103.823114772341	942.543309801102	3.815656084159035e-5	EPPN4_H	Hybrid	1	17	73
7	2020-09-25T00:00:00Z	NA	808.878025606919	3.773844205411207e-5	EPPN1_L	Line	1	15	7
7	2020-09-25T00:00:00Z	1040.7785602012136	1082.9763641992	3.773844205411207e-5	EPPN1_L	Line	5	17	3
7	2020-09-25T00:00:00Z	NA	1178.58300384545	3.773844205411207e-5	EPPN1_L	Line	13	14	9
7	2020-09-25T00:00:00Z	1013.0328942045217	944.890186554156	3.773844205411207e-5	EPPN1_L	Line	18	14	10
7	2020-09-25T00:00:00Z	699.9966838596079	746.251065165093	3.773844205411207e-5	EPPN1_L	Line	3	16	5
7	2020-09-25T00:00:00Z	1042.970024416556	1110.55403990955	3.773844205411207e-5	EPPN1_L	Line	20	17	4
7	2020-09-25T00:00:00Z	979.9135485157306	826.381286332951	3.773844205411207e-5	EPPN1_L	Line	19	16	6
7	2020-09-25T00:00:00Z	946.8118793134286	1005.23857883631	3.773844205411207e-5	EPPN1_L	Line	15	18	2
7	2020-09-25T00:00:00Z	NA	880.999706071776	3.773844205411207e-5	EPPN1_L	Line	21	15	8
7	2020-09-25T00:00:00Z	NA	655.4365651575	3.773844205411207e-5	EPPN1_L	Line	6	18	1
7	2020-09-25T00:00:00Z	NA	261.238277920547	3.736312381488453e-5	EPPN2_L	Line	13	15	17
7	2020-09-25T00:00:00Z	541.4167024893482	480.143131842707	3.736312381488453e-5	EPPN2_L	Line	21	16	16
7	2020-09-25T00:00:00Z	418.57790908035844	366.502954006244	3.736312381488453e-5	EPPN2_L	Line	16	14	20
7	2020-09-25T00:00:00Z	626.3537117339686	619.11997448891	3.736312381488453e-5	EPPN2_L	Line	10	14	19
7	2020-09-25T00:00:00Z	NA	523.171044385971	3.736312381488453e-5	EPPN2_L	Line	11	16	15
7	2020-09-25T00:00:00Z	NA	378.794201490861	3.736312381488453e-5	EPPN2_L	Line	25	17	14
7	2020-09-25T00:00:00Z	414.926609291944	383.762197559945	3.736312381488453e-5	EPPN2_L	Line	2	17	13
7	2020-09-25T00:00:00Z	645.4639606121948	553.339633397251	3.736312381488453e-5	EPPN2_L	Line	5	18	11
7	2020-09-25T00:00:00Z	500.2612083979746	547.229035025248	3.736312381488453e-5	EPPN2_L	Line	23	18	12
7	2020-09-25T00:00:00Z	503.5242395603025	463.380660885084	3.736312381488453e-5	EPPN2_L	Line	15	15	18
7	2020-09-25T00:00:00Z	NA	477.83748512175	3.7480491952963745e-5	EPPN20_T	Line	24	14	90
7	2020-09-25T00:00:00Z	239.29178542049328	261.950569677482	3.7480491952963745e-5	EPPN20_T	Line	9	14	89
7	2020-09-25T00:00:00Z	340.55109042918366	325.69034173564	3.7480491952963745e-5	EPPN20_T	Line	18	15	88
7	2020-09-25T00:00:00Z	251.0699960009762	229.78186190322	3.7480491952963745e-5	EPPN20_T	Line	10	16	85
7	2020-09-25T00:00:00Z	NA	718.053295482976	3.7480491952963745e-5	EPPN20_T	Line	24	17	84
7	2020-09-25T00:00:00Z	298.447704872367	373.525691008543	3.7480491952963745e-5	EPPN20_T	Line	13	17	83
7	2020-09-25T00:00:00Z	202.0711936485276	185.604425157718	3.7480491952963745e-5	EPPN20_T	Line	13	16	86
7	2020-09-25T00:00:00Z	228.0699615618213	279.260397823141	3.7480491952963745e-5	EPPN20_T	Line	7	15	87
7	2020-09-25T00:00:00Z	251.84175416705762	300.351095598806	3.7480491952963745e-5	EPPN20_T	Line	19	18	82
7	2020-09-25T00:00:00Z	NA	474.953824865854	3.7480491952963745e-5	EPPN20_T	Line	12	18	81
7	2020-09-25T00:00:00Z	NA	789.787765729566	3.747980754697438e-5	EPPN3_L	Line	15	14	30
7	2020-09-25T00:00:00Z	1175.9018824440668	958.373939855083	3.747980754697438e-5	EPPN3_L	Line	2	18	21
7	2020-09-25T00:00:00Z	998.0115061515169	1111.87297618097	3.747980754697438e-5	EPPN3_L	Line	11	17	23
7	2020-09-25T00:00:00Z	NA	940.270851797857	3.747980754697438e-5	EPPN3_L	Line	5	14	29
7	2020-09-25T00:00:00Z	1115.2277732279642	1124.69947019184	3.747980754697438e-5	EPPN3_L	Line	9	16	25
7	2020-09-25T00:00:00Z	1168.25941910716	1099.52526366748	3.747980754697438e-5	EPPN3_L	Line	22	15	28
7	2020-09-25T00:00:00Z	1148.3970023729412	1217.11282351114	3.747980754697438e-5	EPPN3_L	Line	9	15	27
7	2020-09-25T00:00:00Z	1013.9988408877534	1188.22686323797	3.747980754697438e-5	EPPN3_L	Line	18	18	22
7	2020-09-25T00:00:00Z	1079.186394915501	1216.5335917813	3.747980754697438e-5	EPPN3_L	Line	18	17	24
7	2020-09-25T00:00:00Z	1008.5635390449746	921.4830048814	3.747980754697438e-5	EPPN3_L	Line	26	16	26
7	2020-09-25T00:00:00Z	559.5892357229151	484.65790022513397	3.7663888876661e-5	EPPN4_L	Line	20	15	38
7	2020-09-25T00:00:00Z	642.203376276228	677.078184378203	3.7663888876661e-5	EPPN4_L	Line	3	17	33
7	2020-09-25T00:00:00Z	336.7720850427032	245.989324296891	3.7663888876661e-5	EPPN4_L	Line	20	16	36
7	2020-09-25T00:00:00Z	NA	167.339540864201	3.7663888876661e-5	EPPN4_L	Line	17	14	40
7	2020-09-25T00:00:00Z	429.4313921229381	391.589564992384	3.7663888876661e-5	EPPN4_L	Line	9	18	31
7	2020-09-25T00:00:00Z	323.5769909541146	441.490517738574	3.7663888876661e-5	EPPN4_L	Line	14	18	32
7	2020-09-25T00:00:00Z	NA	261.58664190023	3.7663888876661e-5	EPPN4_L	Line	6	14	39
7	2020-09-25T00:00:00Z	NA	886.621082396845	3.7663888876661e-5	EPPN4_L	Line	12	15	37
7	2020-09-25T00:00:00Z	NA	517.60195457884	3.7663888876661e-5	EPPN4_L	Line	1	16	35
7	2020-09-25T00:00:00Z	679.8098870934177	686.202458377828	3.7663888876661e-5	EPPN4_L	Line	19	17	34
8	2020-09-28T00:00:00Z	1791.5115018643535	1827.92395273709	2.1925651084541923e-5	EPPN1_H	Hybrid	24	16	46
8	2020-09-28T00:00:00Z	1944.7307185636798	1901.02320706336	2.1925651084541923e-5	EPPN1_H	Hybrid	26	18	42
8	2020-09-28T00:00:00Z	1773.944418301548	1850.84058508413	2.1925651084541923e-5	EPPN1_H	Hybrid	5	16	45
8	2020-09-28T00:00:00Z	1645.3709330296376	1382.90060624696	2.1925651084541923e-5	EPPN1_H	Hybrid	19	15	48
8	2020-09-28T00:00:00Z	2142.378203368701	2164.63063562267	2.1925651084541923e-5	EPPN1_H	Hybrid	11	18	41
8	2020-09-28T00:00:00Z	2021.12994743023	2182.9940954888	2.1925651084541923e-5	EPPN1_H	Hybrid	8	14	49
8	2020-09-28T00:00:00Z	1900.2891434159455	1925.47952338704	2.1925651084541923e-5	EPPN1_H	Hybrid	10	17	43
8	2020-09-28T00:00:00Z	2080.863249525676	2185.40236600775	2.1925651084541923e-5	EPPN1_H	Hybrid	14	14	50
8	2020-09-28T00:00:00Z	1983.5692414693067	2120.3002697457	2.1925651084541923e-5	EPPN1_H	Hybrid	5	15	47
8	2020-09-28T00:00:00Z	2003.3867779499333	2211.17958910116	2.1925651084541923e-5	EPPN1_H	Hybrid	16	17	44
8	2020-09-28T00:00:00Z	1670.2445707286927	1680.25594215595	2.183914792478942e-5	EPPN2_H	Hybrid	16	15	58
8	2020-09-28T00:00:00Z	1887.3984488328144	2039.14386846633	2.183914792478942e-5	EPPN2_H	Hybrid	3	15	57
8	2020-09-28T00:00:00Z	1525.2630477599657	1651.93828996935	2.183914792478942e-5	EPPN2_H	Hybrid	2	14	59
8	2020-09-28T00:00:00Z	1803.9258897544041	1829.33352525143	2.183914792478942e-5	EPPN2_H	Hybrid	25	14	60
8	2020-09-28T00:00:00Z	1480.748309500461	1344.88303946803	2.183914792478942e-5	EPPN2_H	Hybrid	10	18	51
8	2020-09-28T00:00:00Z	1436.9206832431166	1270.92164900943	2.183914792478942e-5	EPPN2_H	Hybrid	6	17	53
8	2020-09-28T00:00:00Z	1455.8546397768848	1653.20585985549	2.183914792478942e-5	EPPN2_H	Hybrid	20	18	52
8	2020-09-28T00:00:00Z	1340.2001898849496	1420.39263017776	2.183914792478942e-5	EPPN2_H	Hybrid	22	17	54
8	2020-09-28T00:00:00Z	NA	1873.22155375959	2.183914792478942e-5	EPPN2_H	Hybrid	8	16	55
8	2020-09-28T00:00:00Z	1642.3717751983402	1504.06750048172	2.183914792478942e-5	EPPN2_H	Hybrid	22	16	56
8	2020-09-28T00:00:00Z	1654.4405337830021	1664.42141094125	2.1836559448223108e-5	EPPN3_H	Hybrid	1	14	69
8	2020-09-28T00:00:00Z	NA	870.620640459341	2.1836559448223108e-5	EPPN3_H	Hybrid	19	14	70
8	2020-09-28T00:00:00Z	1710.2772144533192	1651.18595982464	2.1836559448223108e-5	EPPN3_H	Hybrid	13	18	62
8	2020-09-28T00:00:00Z	NA	1186.47766134874	2.1836559448223108e-5	EPPN3_H	Hybrid	23	16	66
8	2020-09-28T00:00:00Z	1739.1317023966553	1940.04303748851	2.1836559448223108e-5	EPPN3_H	Hybrid	12	16	65
8	2020-09-28T00:00:00Z	1742.4520372271618	1824.31001571616	2.1836559448223108e-5	EPPN3_H	Hybrid	7	17	63
8	2020-09-28T00:00:00Z	NA	603.05897663872	2.1836559448223108e-5	EPPN3_H	Hybrid	1	18	61
8	2020-09-28T00:00:00Z	1601.736988912023	1647.09060907701	2.1836559448223108e-5	EPPN3_H	Hybrid	26	15	68
8	2020-09-28T00:00:00Z	1444.2493109767006	1633.39675094298	2.1836559448223108e-5	EPPN3_H	Hybrid	14	17	64
8	2020-09-28T00:00:00Z	1870.4469609795997	1998.91453325053	2.1836559448223108e-5	EPPN3_H	Hybrid	14	15	67
8	2020-09-28T00:00:00Z	1514.175877363664	1451.12786181344	2.1762223725395722e-5	EPPN4_H	Hybrid	25	15	78
8	2020-09-28T00:00:00Z	1824.178546662075	1904.24502907796	2.1762223725395722e-5	EPPN4_H	Hybrid	17	17	74
8	2020-09-28T00:00:00Z	1526.7073608937947	1587.06035474617	2.1762223725395722e-5	EPPN4_H	Hybrid	4	15	77
8	2020-09-28T00:00:00Z	1854.6402460430843	1841.06605776989	2.1762223725395722e-5	EPPN4_H	Hybrid	4	16	75
8	2020-09-28T00:00:00Z	1769.0877732514086	1588.12208608793	2.1762223725395722e-5	EPPN4_H	Hybrid	3	18	71
8	2020-09-28T00:00:00Z	1743.0929528752433	1861.83064735155	2.1762223725395722e-5	EPPN4_H	Hybrid	22	18	72
8	2020-09-28T00:00:00Z	1772.6959282253883	1658.04037132887	2.1762223725395722e-5	EPPN4_H	Hybrid	23	14	80
8	2020-09-28T00:00:00Z	1541.0773768788486	1398.97478190232	2.1762223725395722e-5	EPPN4_H	Hybrid	17	16	76
8	2020-09-28T00:00:00Z	1675.4637869686742	1703.28395396928	2.1762223725395722e-5	EPPN4_H	Hybrid	7	14	79
8	2020-09-28T00:00:00Z	1708.23312676221	1431.12781175836	2.1762223725395722e-5	EPPN4_H	Hybrid	1	17	73
8	2020-09-28T00:00:00Z	NA	1143.46912683895	2.177473215871605e-5	EPPN1_L	Line	1	15	7
8	2020-09-28T00:00:00Z	1398.9777428895875	1526.13066805942	2.177473215871605e-5	EPPN1_L	Line	5	17	3
8	2020-09-28T00:00:00Z	NA	1655.5851790778	2.177473215871605e-5	EPPN1_L	Line	13	14	9
8	2020-09-28T00:00:00Z	1497.8018901400828	1356.06777502892	2.177473215871605e-5	EPPN1_L	Line	18	14	10
8	2020-09-28T00:00:00Z	1061.7444941649724	1114.37330708207	2.177473215871605e-5	EPPN1_L	Line	3	16	5
8	2020-09-28T00:00:00Z	1536.6434073767764	1666.99968634941	2.177473215871605e-5	EPPN1_L	Line	20	17	4
8	2020-09-28T00:00:00Z	1439.8017588209204	1229.29149664563	2.177473215871605e-5	EPPN1_L	Line	19	16	6
8	2020-09-28T00:00:00Z	1337.3554332796987	1334.54135177145	2.177473215871605e-5	EPPN1_L	Line	15	18	2
8	2020-09-28T00:00:00Z	NA	1103.88109859838	2.177473215871605e-5	EPPN1_L	Line	21	15	8
8	2020-09-28T00:00:00Z	NA	881.423137775714	2.177473215871605e-5	EPPN1_L	Line	6	18	1
8	2020-09-28T00:00:00Z	NA	385.712379984194	2.1501877708282647e-5	EPPN2_L	Line	13	15	17
8	2020-09-28T00:00:00Z	745.5647911098162	653.018240536494	2.1501877708282647e-5	EPPN2_L	Line	21	16	16
8	2020-09-28T00:00:00Z	583.532355162793	519.12151127763	2.1501877708282647e-5	EPPN2_L	Line	16	14	20
8	2020-09-28T00:00:00Z	745.0054747407453	805.347410408336	2.1501877708282647e-5	EPPN2_L	Line	10	14	19
8	2020-09-28T00:00:00Z	NA	785.081093763642	2.1501877708282647e-5	EPPN2_L	Line	11	16	15
8	2020-09-28T00:00:00Z	NA	497.546143301651	2.1501877708282647e-5	EPPN2_L	Line	25	17	14
8	2020-09-28T00:00:00Z	599.6453136069937	562.601424709949	2.1501877708282647e-5	EPPN2_L	Line	2	17	13
8	2020-09-28T00:00:00Z	810.6801295983721	764.150531400824	2.1501877708282647e-5	EPPN2_L	Line	5	18	11
8	2020-09-28T00:00:00Z	671.7269291004693	724.085167933082	2.1501877708282647e-5	EPPN2_L	Line	23	18	12
8	2020-09-28T00:00:00Z	703.5627092062355	618.093759089899	2.1501877708282647e-5	EPPN2_L	Line	15	15	18
8	2020-09-28T00:00:00Z	NA	658.926318696418	2.1603022696173567e-5	EPPN20_T	Line	24	14	90
8	2020-09-28T00:00:00Z	290.23116693776916	345.028948241265	2.1603022696173567e-5	EPPN20_T	Line	9	14	89
8	2020-09-28T00:00:00Z	529.2695851635472	491.218401595107	2.1603022696173567e-5	EPPN20_T	Line	18	15	88
8	2020-09-28T00:00:00Z	391.0212723593651	366.264652162175	2.1603022696173567e-5	EPPN20_T	Line	10	16	85
8	2020-09-28T00:00:00Z	NA	1016.35776561255	2.1603022696173567e-5	EPPN20_T	Line	24	17	84
8	2020-09-28T00:00:00Z	443.2693430666283	501.909656184305	2.1603022696173567e-5	EPPN20_T	Line	13	17	83
8	2020-09-28T00:00:00Z	289.3180304549631	262.450168245379	2.1603022696173567e-5	EPPN20_T	Line	13	16	86
8	2020-09-28T00:00:00Z	326.9852744432572	410.672637531672	2.1603022696173567e-5	EPPN20_T	Line	7	15	87
8	2020-09-28T00:00:00Z	325.68843182790437	436.58497816299	2.1603022696173567e-5	EPPN20_T	Line	19	18	82
8	2020-09-28T00:00:00Z	NA	568.462757348369	2.1603022696173567e-5	EPPN20_T	Line	12	18	81
8	2020-09-28T00:00:00Z	NA	1059.79143654844	2.1580700858927334e-5	EPPN3_L	Line	15	14	30
8	2020-09-28T00:00:00Z	1654.3927448055347	1342.23551622006	2.1580700858927334e-5	EPPN3_L	Line	2	18	21
8	2020-09-28T00:00:00Z	1431.5185923212805	1607.85313964282	2.1580700858927334e-5	EPPN3_L	Line	11	17	23
8	2020-09-28T00:00:00Z	NA	1504.43109577775	2.1580700858927334e-5	EPPN3_L	Line	5	14	29
8	2020-09-28T00:00:00Z	1519.2702144658838	1510.8212809459	2.1580700858927334e-5	EPPN3_L	Line	9	16	25
8	2020-09-28T00:00:00Z	1543.7897430848827	1409.41485793855	2.1580700858927334e-5	EPPN3_L	Line	22	15	28
8	2020-09-28T00:00:00Z	1581.341459374394	1658.01007997599	2.1580700858927334e-5	EPPN3_L	Line	9	15	27
8	2020-09-28T00:00:00Z	1347.5169312432608	1655.78461261618	2.1580700858927334e-5	EPPN3_L	Line	18	18	22
8	2020-09-28T00:00:00Z	1448.2017071440014	1702.56765192439	2.1580700858927334e-5	EPPN3_L	Line	18	17	24
8	2020-09-28T00:00:00Z	1448.1051210028927	1354.40081897916	2.1580700858927334e-5	EPPN3_L	Line	26	16	26
8	2020-09-28T00:00:00Z	846.2958754038178	681.616613657802	2.1724287863362024e-5	EPPN4_L	Line	20	15	38
8	2020-09-28T00:00:00Z	820.5092985628517	870.897808588713	2.1724287863362024e-5	EPPN4_L	Line	3	17	33
8	2020-09-28T00:00:00Z	484.5962014726599	362.829989398513	2.1724287863362024e-5	EPPN4_L	Line	20	16	36
8	2020-09-28T00:00:00Z	NA	269.301775018471	2.1724287863362024e-5	EPPN4_L	Line	17	14	40
8	2020-09-28T00:00:00Z	648.4029626609054	529.170720584481	2.1724287863362024e-5	EPPN4_L	Line	9	18	31
8	2020-09-28T00:00:00Z	569.987632780004	673.603035161273	2.1724287863362024e-5	EPPN4_L	Line	14	18	32
8	2020-09-28T00:00:00Z	NA	307.409456805197	2.1724287863362024e-5	EPPN4_L	Line	6	14	39
8	2020-09-28T00:00:00Z	NA	1296.53655011044	2.1724287863362024e-5	EPPN4_L	Line	12	15	37
8	2020-09-28T00:00:00Z	NA	676.687449871234	2.1724287863362024e-5	EPPN4_L	Line	1	16	35
8	2020-09-28T00:00:00Z	1025.0346781737396	1069.08558120863	2.1724287863362024e-5	EPPN4_L	Line	19	17	34
9	2020-09-30T00:00:00Z	2017.7034751224837	2050.39163776756	1.5913922084434874e-5	EPPN1_H	Hybrid	24	16	46
9	2020-09-30T00:00:00Z	2185.291199637734	2140.48288355543	1.5913922084434874e-5	EPPN1_H	Hybrid	26	18	42
9	2020-09-30T00:00:00Z	2266.1292864860807	2372.93791624291	1.5913922084434874e-5	EPPN1_H	Hybrid	5	16	45
9	2020-09-30T00:00:00Z	1907.0977079610602	1616.0577636506	1.5913922084434874e-5	EPPN1_H	Hybrid	19	15	48
9	2020-09-30T00:00:00Z	2613.3972912652926	2662.30029617742	1.5913922084434874e-5	EPPN1_H	Hybrid	11	18	41
9	2020-09-30T00:00:00Z	2310.5606472281615	2520.93018465129	1.5913922084434874e-5	EPPN1_H	Hybrid	8	14	49
9	2020-09-30T00:00:00Z	2127.2634967974623	2144.2660287123	1.5913922084434874e-5	EPPN1_H	Hybrid	10	17	43
9	2020-09-30T00:00:00Z	2518.3063439100465	2659.40663914202	1.5913922084434874e-5	EPPN1_H	Hybrid	14	14	50
9	2020-09-30T00:00:00Z	2127.7397941756185	2290.72346783423	1.5913922084434874e-5	EPPN1_H	Hybrid	5	15	47
9	2020-09-30T00:00:00Z	2255.448722049665	2448.56540159457	1.5913922084434874e-5	EPPN1_H	Hybrid	16	17	44
9	2020-09-30T00:00:00Z	1985.6605843141972	1940.11992980689	1.585561252372682e-5	EPPN2_H	Hybrid	16	15	58
9	2020-09-30T00:00:00Z	2191.0464523223195	2416.9377443333	1.585561252372682e-5	EPPN2_H	Hybrid	3	15	57
9	2020-09-30T00:00:00Z	1893.7526394533775	2104.25323920173	1.585561252372682e-5	EPPN2_H	Hybrid	2	14	59
9	2020-09-30T00:00:00Z	2148.3269993610784	2212.76396919976	1.585561252372682e-5	EPPN2_H	Hybrid	25	14	60
9	2020-09-30T00:00:00Z	1775.5098930064455	1604.37545504161	1.585561252372682e-5	EPPN2_H	Hybrid	10	18	51
9	2020-09-30T00:00:00Z	1767.5744278381496	1580.80323491886	1.585561252372682e-5	EPPN2_H	Hybrid	6	17	53
9	2020-09-30T00:00:00Z	1626.3618457234156	1768.67107892458	1.585561252372682e-5	EPPN2_H	Hybrid	20	18	52
9	2020-09-30T00:00:00Z	1624.1173839956332	1688.4932146654	1.585561252372682e-5	EPPN2_H	Hybrid	22	17	54
9	2020-09-30T00:00:00Z	NA	2296.52120575482	1.585561252372682e-5	EPPN2_H	Hybrid	8	16	55
9	2020-09-30T00:00:00Z	1937.0931823788717	1756.50645949881	1.585561252372682e-5	EPPN2_H	Hybrid	22	16	56
9	2020-09-30T00:00:00Z	1924.5012186206084	1972.21257754021	1.5844447852516858e-5	EPPN3_H	Hybrid	1	14	69
9	2020-09-30T00:00:00Z	NA	1133.83903898532	1.5844447852516858e-5	EPPN3_H	Hybrid	19	14	70
9	2020-09-30T00:00:00Z	2070.823109651934	1996.59285963304	1.5844447852516858e-5	EPPN3_H	Hybrid	13	18	62
9	2020-09-30T00:00:00Z	NA	1415.97633581013	1.5844447852516858e-5	EPPN3_H	Hybrid	23	16	66
9	2020-09-30T00:00:00Z	2029.476326830224	2258.15682878539	1.5844447852516858e-5	EPPN3_H	Hybrid	12	16	65
9	2020-09-30T00:00:00Z	1945.9438455147563	2021.51048584503	1.5844447852516858e-5	EPPN3_H	Hybrid	7	17	63
9	2020-09-30T00:00:00Z	NA	716.900286764956	1.5844447852516858e-5	EPPN3_H	Hybrid	1	18	61
9	2020-09-30T00:00:00Z	1934.9784999552453	1937.97589731229	1.5844447852516858e-5	EPPN3_H	Hybrid	26	15	68
9	2020-09-30T00:00:00Z	1804.7598668608207	2054.50181447825	1.5844447852516858e-5	EPPN3_H	Hybrid	14	17	64
9	2020-09-30T00:00:00Z	2136.872693587684	2278.72036388049	1.5844447852516858e-5	EPPN3_H	Hybrid	14	15	67
9	2020-09-30T00:00:00Z	1728.4131367517073	1657.97515631294	1.5800303827401553e-5	EPPN4_H	Hybrid	25	15	78
9	2020-09-30T00:00:00Z	2308.385696936649	2404.09169309892	1.5800303827401553e-5	EPPN4_H	Hybrid	17	17	74
9	2020-09-30T00:00:00Z	1881.3857390294008	1987.54771733535	1.5800303827401553e-5	EPPN4_H	Hybrid	4	15	77
9	2020-09-30T00:00:00Z	2191.252618400009	2225.07449986212	1.5800303827401553e-5	EPPN4_H	Hybrid	4	16	75
9	2020-09-30T00:00:00Z	2175.7825954814543	1991.13494445992	1.5800303827401553e-5	EPPN4_H	Hybrid	3	18	71
9	2020-09-30T00:00:00Z	2030.7156623465162	2109.820723624	1.5800303827401553e-5	EPPN4_H	Hybrid	22	18	72
9	2020-09-30T00:00:00Z	2043.212209314762	1913.57157461525	1.5800303827401553e-5	EPPN4_H	Hybrid	23	14	80
9	2020-09-30T00:00:00Z	1821.3217023890832	1672.54073748849	1.5800303827401553e-5	EPPN4_H	Hybrid	17	16	76
9	2020-09-30T00:00:00Z	2075.161676524814	2117.90827225594	1.5800303827401553e-5	EPPN4_H	Hybrid	7	14	79
9	2020-09-30T00:00:00Z	2047.3337627777753	1751.58107452629	1.5800303827401553e-5	EPPN4_H	Hybrid	1	17	73
9	2020-09-30T00:00:00Z	NA	1329.99951570789	1.5745949021013473e-5	EPPN1_L	Line	1	15	7
9	2020-09-30T00:00:00Z	1654.9996218077617	1799.50975479841	1.5745949021013473e-5	EPPN1_L	Line	5	17	3
9	2020-09-30T00:00:00Z	NA	1844.52326837119	1.5745949021013473e-5	EPPN1_L	Line	13	14	9
9	2020-09-30T00:00:00Z	1714.5097000173382	1598.27604458698	1.5745949021013473e-5	EPPN1_L	Line	18	14	10
9	2020-09-30T00:00:00Z	1239.5749521346022	1366.16686552531	1.5745949021013473e-5	EPPN1_L	Line	3	16	5
9	2020-09-30T00:00:00Z	1840.6840886583796	1943.27675562262	1.5745949021013473e-5	EPPN1_L	Line	20	17	4
9	2020-09-30T00:00:00Z	1703.3280068506667	1476.35922287564	1.5745949021013473e-5	EPPN1_L	Line	19	16	6
9	2020-09-30T00:00:00Z	1527.2158078804962	1507.09631154791	1.5745949021013473e-5	EPPN1_L	Line	15	18	2
9	2020-09-30T00:00:00Z	NA	1309.28857515318	1.5745949021013473e-5	EPPN1_L	Line	21	15	8
9	2020-09-30T00:00:00Z	NA	979.936367144911	1.5745949021013473e-5	EPPN1_L	Line	6	18	1
9	2020-09-30T00:00:00Z	NA	445.043780212161	1.5547599573798652e-5	EPPN2_L	Line	13	15	17
9	2020-09-30T00:00:00Z	823.5037666989858	704.469897233073	1.5547599573798652e-5	EPPN2_L	Line	21	16	16
9	2020-09-30T00:00:00Z	700.0642761620945	611.185024745591	1.5547599573798652e-5	EPPN2_L	Line	16	14	20
9	2020-09-30T00:00:00Z	933.4047314251751	966.74139780856	1.5547599573798652e-5	EPPN2_L	Line	10	14	19
9	2020-09-30T00:00:00Z	NA	858.438562114921	1.5547599573798652e-5	EPPN2_L	Line	11	16	15
9	2020-09-30T00:00:00Z	NA	819.882579397362	1.5547599573798652e-5	EPPN2_L	Line	25	17	14
9	2020-09-30T00:00:00Z	653.4873572671731	645.213404105288	1.5547599573798652e-5	EPPN2_L	Line	2	17	13
9	2020-09-30T00:00:00Z	941.404256101908	860.780088539603	1.5547599573798652e-5	EPPN2_L	Line	5	18	11
9	2020-09-30T00:00:00Z	808.3173380873528	822.050576375483	1.5547599573798652e-5	EPPN2_L	Line	23	18	12
9	2020-09-30T00:00:00Z	826.8532514975648	703.186306311632	1.5547599573798652e-5	EPPN2_L	Line	15	15	18
9	2020-09-30T00:00:00Z	NA	863.838473707902	1.5619823591607267e-5	EPPN20_T	Line	24	14	90
9	2020-09-30T00:00:00Z	376.5049574230272	419.146840723547	1.5619823591607267e-5	EPPN20_T	Line	9	14	89
9	2020-09-30T00:00:00Z	646.3816030852925	595.83803741947	1.5619823591607267e-5	EPPN20_T	Line	18	15	88
9	2020-09-30T00:00:00Z	491.39125481993636	443.283910158663	1.5619823591607267e-5	EPPN20_T	Line	10	16	85
9	2020-09-30T00:00:00Z	NA	1189.45518078364	1.5619823591607267e-5	EPPN20_T	Line	24	17	84
9	2020-09-30T00:00:00Z	520.5545224545259	584.388110807676	1.5619823591607267e-5	EPPN20_T	Line	13	17	83
9	2020-09-30T00:00:00Z	385.277036590902	339.680999829879	1.5619823591607267e-5	EPPN20_T	Line	13	16	86
9	2020-09-30T00:00:00Z	426.1171204159766	497.514505597833	1.5619823591607267e-5	EPPN20_T	Line	7	15	87
9	2020-09-30T00:00:00Z	458.6289998231558	547.626769162097	1.5619823591607267e-5	EPPN20_T	Line	19	18	82
9	2020-09-30T00:00:00Z	NA	674.570461838589	1.5619823591607267e-5	EPPN20_T	Line	12	18	81
9	2020-09-30T00:00:00Z	NA	1352.91636333387	1.560291794304308e-5	EPPN3_L	Line	15	14	30
9	2020-09-30T00:00:00Z	1941.6534219875205	1598.31051155068	1.560291794304308e-5	EPPN3_L	Line	2	18	21
9	2020-09-30T00:00:00Z	1694.8764797852446	1921.0500374003	1.560291794304308e-5	EPPN3_L	Line	11	17	23
9	2020-09-30T00:00:00Z	NA	1753.46305526672	1.560291794304308e-5	EPPN3_L	Line	5	14	29
9	2020-09-30T00:00:00Z	1803.5912630037897	1780.11031757224	1.560291794304308e-5	EPPN3_L	Line	9	16	25
9	2020-09-30T00:00:00Z	1852.4777979393668	1664.12595662914	1.560291794304308e-5	EPPN3_L	Line	22	15	28
9	2020-09-30T00:00:00Z	1849.2251266719354	1892.59332306826	1.560291794304308e-5	EPPN3_L	Line	9	15	27
9	2020-09-30T00:00:00Z	1729.1434466341082	2035.84416811111	1.560291794304308e-5	EPPN3_L	Line	18	18	22
9	2020-09-30T00:00:00Z	1643.2026104159395	1921.59998100022	1.560291794304308e-5	EPPN3_L	Line	18	17	24
9	2020-09-30T00:00:00Z	1725.3727320029589	1606.00896292354	1.560291794304308e-5	EPPN3_L	Line	26	16	26
9	2020-09-30T00:00:00Z	961.0213388718015	736.37914151458	1.570458560249431e-5	EPPN4_L	Line	20	15	38
9	2020-09-30T00:00:00Z	983.978183610615	1088.28600228059	1.570458560249431e-5	EPPN4_L	Line	3	17	33
9	2020-09-30T00:00:00Z	601.5212391139871	430.328406476901	1.570458560249431e-5	EPPN4_L	Line	20	16	36
9	2020-09-30T00:00:00Z	NA	324.5071393278	1.570458560249431e-5	EPPN4_L	Line	17	14	40
9	2020-09-30T00:00:00Z	764.4385724089396	607.292833639428	1.570458560249431e-5	EPPN4_L	Line	9	18	31
9	2020-09-30T00:00:00Z	614.888575460631	757.878120600447	1.570458560249431e-5	EPPN4_L	Line	14	18	32
9	2020-09-30T00:00:00Z	NA	417.706779498798	1.570458560249431e-5	EPPN4_L	Line	6	14	39
9	2020-09-30T00:00:00Z	NA	1537.05921679468	1.570458560249431e-5	EPPN4_L	Line	12	15	37
9	2020-09-30T00:00:00Z	NA	846.215452236275	1.570458560249431e-5	EPPN4_L	Line	1	16	35
9	2020-09-30T00:00:00Z	1159.2249732405362	1208.23283485505	1.570458560249431e-5	EPPN4_L	Line	19	17	34
10	2020-10-02T00:00:00Z	2544.6399035293757	2461.7191724594	8.504222875309214e-6	EPPN1_H	Hybrid	24	16	46
10	2020-10-02T00:00:00Z	2699.3322776970645	2648.08798272821	8.504222875309214e-6	EPPN1_H	Hybrid	26	18	42
10	2020-10-02T00:00:00Z	2860.439178780553	2918.39687124484	8.504222875309214e-6	EPPN1_H	Hybrid	5	16	45
10	2020-10-02T00:00:00Z	2219.802681596988	1940.65718118408	8.504222875309214e-6	EPPN1_H	Hybrid	19	15	48
10	2020-10-02T00:00:00Z	3171.9475729774344	3200.33347664355	8.504222875309214e-6	EPPN1_H	Hybrid	11	18	41
10	2020-10-02T00:00:00Z	2845.3614483040105	2990.10956227572	8.504222875309214e-6	EPPN1_H	Hybrid	8	14	49
10	2020-10-02T00:00:00Z	2562.724996855796	2613.68207718357	8.504222875309214e-6	EPPN1_H	Hybrid	10	17	43
10	2020-10-02T00:00:00Z	3170.80858375744	3274.09604886498	8.504222875309214e-6	EPPN1_H	Hybrid	14	14	50
10	2020-10-02T00:00:00Z	2425.6254001628854	2552.75334690519	8.504222875309214e-6	EPPN1_H	Hybrid	5	15	47
10	2020-10-02T00:00:00Z	2881.456027043458	3126.87317579239	8.504222875309214e-6	EPPN1_H	Hybrid	16	17	44
10	2020-10-02T00:00:00Z	2448.2091049341734	2403.10649052134	8.485407723017699e-6	EPPN2_H	Hybrid	16	15	58
10	2020-10-02T00:00:00Z	2972.7570733503085	3225.65559384361	8.485407723017699e-6	EPPN2_H	Hybrid	3	15	57
10	2020-10-02T00:00:00Z	2190.940769857435	2292.4551258609	8.485407723017699e-6	EPPN2_H	Hybrid	2	14	59
10	2020-10-02T00:00:00Z	2739.3947782220066	2840.07642133714	8.485407723017699e-6	EPPN2_H	Hybrid	25	14	60
10	2020-10-02T00:00:00Z	1981.977774056108	1776.68597518662	8.485407723017699e-6	EPPN2_H	Hybrid	10	18	51
10	2020-10-02T00:00:00Z	2222.080314148144	2141.14248583041	8.485407723017699e-6	EPPN2_H	Hybrid	6	17	53
10	2020-10-02T00:00:00Z	1965.4834207201752	2116.43275045043	8.485407723017699e-6	EPPN2_H	Hybrid	20	18	52
10	2020-10-02T00:00:00Z	2155.514011506093	2262.88835787088	8.485407723017699e-6	EPPN2_H	Hybrid	22	17	54
10	2020-10-02T00:00:00Z	NA	2813.72106038207	8.485407723017699e-6	EPPN2_H	Hybrid	8	16	55
10	2020-10-02T00:00:00Z	2392.271595830027	2192.46447752803	8.485407723017699e-6	EPPN2_H	Hybrid	22	16	56
10	2020-10-02T00:00:00Z	2568.3291608185996	2554.19452484348	8.478779531523356e-6	EPPN3_H	Hybrid	1	14	69
10	2020-10-02T00:00:00Z	NA	1447.04541686417	8.478779531523356e-6	EPPN3_H	Hybrid	19	14	70
10	2020-10-02T00:00:00Z	2538.7414464659114	2515.76632190606	8.478779531523356e-6	EPPN3_H	Hybrid	13	18	62
10	2020-10-02T00:00:00Z	NA	1732.35484282031	8.478779531523356e-6	EPPN3_H	Hybrid	23	16	66
10	2020-10-02T00:00:00Z	2571.1526357352514	2769.71867180329	8.478779531523356e-6	EPPN3_H	Hybrid	12	16	65
10	2020-10-02T00:00:00Z	2529.993527394094	2704.04466105239	8.478779531523356e-6	EPPN3_H	Hybrid	7	17	63
10	2020-10-02T00:00:00Z	NA	948.109738286076	8.478779531523356e-6	EPPN3_H	Hybrid	1	18	61
10	2020-10-02T00:00:00Z	2300.3008170902476	2222.66732230955	8.478779531523356e-6	EPPN3_H	Hybrid	26	15	68
10	2020-10-02T00:00:00Z	2220.482482209014	2542.14926619097	8.478779531523356e-6	EPPN3_H	Hybrid	14	17	64
10	2020-10-02T00:00:00Z	2825.0103651184327	2956.43313430849	8.478779531523356e-6	EPPN3_H	Hybrid	14	15	67
10	2020-10-02T00:00:00Z	2290.5133404653025	2163.79846855438	8.473325221377076e-6	EPPN4_H	Hybrid	25	15	78
10	2020-10-02T00:00:00Z	2711.4875246837737	2859.98465577741	8.473325221377076e-6	EPPN4_H	Hybrid	17	17	74
10	2020-10-02T00:00:00Z	2385.681517767178	2501.68092580495	8.473325221377076e-6	EPPN4_H	Hybrid	4	15	77
10	2020-10-02T00:00:00Z	2625.1555694165877	2660.4741721279	8.473325221377076e-6	EPPN4_H	Hybrid	4	16	75
10	2020-10-02T00:00:00Z	2634.3055873306294	2337.7920061529	8.473325221377076e-6	EPPN4_H	Hybrid	3	18	71
10	2020-10-02T00:00:00Z	2488.202159347133	2591.89721608943	8.473325221377076e-6	EPPN4_H	Hybrid	22	18	72
10	2020-10-02T00:00:00Z	2593.029547532283	2543.67532662474	8.473325221377076e-6	EPPN4_H	Hybrid	23	14	80
10	2020-10-02T00:00:00Z	2393.162829397492	2243.51750066082	8.473325221377076e-6	EPPN4_H	Hybrid	17	16	76
10	2020-10-02T00:00:00Z	2938.0060608118365	3036.93901874398	8.473325221377076e-6	EPPN4_H	Hybrid	7	14	79
10	2020-10-02T00:00:00Z	2557.356646893067	2362.09285748281	8.473325221377076e-6	EPPN4_H	Hybrid	1	17	73
10	2020-10-02T00:00:00Z	NA	1651.34844404757	8.361085321734673e-6	EPPN1_L	Line	1	15	7
10	2020-10-02T00:00:00Z	1985.9761556328428	2072.35831091345	8.361085321734673e-6	EPPN1_L	Line	5	17	3
10	2020-10-02T00:00:00Z	NA	2222.16593615158	8.361085321734673e-6	EPPN1_L	Line	13	14	9
10	2020-10-02T00:00:00Z	2082.0291180056574	2001.40840844456	8.361085321734673e-6	EPPN1_L	Line	18	14	10
10	2020-10-02T00:00:00Z	1494.2044457477962	1648.53263452936	8.361085321734673e-6	EPPN1_L	Line	3	16	5
10	2020-10-02T00:00:00Z	2246.3320639905005	2390.76954877594	8.361085321734673e-6	EPPN1_L	Line	20	17	4
10	2020-10-02T00:00:00Z	1991.5708023965217	1741.66190506188	8.361085321734673e-6	EPPN1_L	Line	19	16	6
10	2020-10-02T00:00:00Z	1859.4749510847091	1901.92133368364	8.361085321734673e-6	EPPN1_L	Line	15	18	2
10	2020-10-02T00:00:00Z	NA	1527.30351258088	8.361085321734673e-6	EPPN1_L	Line	21	15	8
10	2020-10-02T00:00:00Z	NA	1147.2705445359	8.361085321734673e-6	EPPN1_L	Line	6	18	1
10	2020-10-02T00:00:00Z	NA	548.015968214409	8.287704684487804e-6	EPPN2_L	Line	13	15	17
10	2020-10-02T00:00:00Z	1075.6792450209493	915.064058967987	8.287704684487804e-6	EPPN2_L	Line	21	16	16
10	2020-10-02T00:00:00Z	798.8055135352846	716.620794729357	8.287704684487804e-6	EPPN2_L	Line	16	14	20
10	2020-10-02T00:00:00Z	1139.97743476993	1110.64727811658	8.287704684487804e-6	EPPN2_L	Line	10	14	19
10	2020-10-02T00:00:00Z	NA	1083.2436888416	8.287704684487804e-6	EPPN2_L	Line	11	16	15
10	2020-10-02T00:00:00Z	NA	750.542113917454	8.287704684487804e-6	EPPN2_L	Line	25	17	14
10	2020-10-02T00:00:00Z	848.0867927558924	847.73107161467	8.287704684487804e-6	EPPN2_L	Line	2	17	13
10	2020-10-02T00:00:00Z	1273.4147958778376	1004.67192050687	8.287704684487804e-6	EPPN2_L	Line	5	18	11
10	2020-10-02T00:00:00Z	984.8154831235066	1015.16684581799	8.287704684487804e-6	EPPN2_L	Line	23	18	12
10	2020-10-02T00:00:00Z	970.3847827535042	870.925561497045	8.287704684487804e-6	EPPN2_L	Line	15	15	18
10	2020-10-02T00:00:00Z	NA	1108.72457070309	8.313682989068796e-6	EPPN20_T	Line	24	14	90
10	2020-10-02T00:00:00Z	511.9540138835257	571.534828200153	8.313682989068796e-6	EPPN20_T	Line	9	14	89
10	2020-10-02T00:00:00Z	803.727233427538	748.995893149322	8.313682989068796e-6	EPPN20_T	Line	18	15	88
10	2020-10-02T00:00:00Z	640.7909734082615	585.826448015692	8.313682989068796e-6	EPPN20_T	Line	10	16	85
10	2020-10-02T00:00:00Z	NA	1477.31652256632	8.313682989068796e-6	EPPN20_T	Line	24	17	84
10	2020-10-02T00:00:00Z	680.5012354359783	829.92813822808	8.313682989068796e-6	EPPN20_T	Line	13	17	83
10	2020-10-02T00:00:00Z	473.88384154090824	446.3697262591	8.313682989068796e-6	EPPN20_T	Line	13	16	86
10	2020-10-02T00:00:00Z	442.43853307172685	617.864157204544	8.313682989068796e-6	EPPN20_T	Line	7	15	87
10	2020-10-02T00:00:00Z	678.6561471147135	756.249773232568	8.313682989068796e-6	EPPN20_T	Line	19	18	82
10	2020-10-02T00:00:00Z	NA	951.946040890402	8.313682989068796e-6	EPPN20_T	Line	12	18	81
10	2020-10-02T00:00:00Z	NA	1616.77450931171	8.314995616453004e-6	EPPN3_L	Line	15	14	30
10	2020-10-02T00:00:00Z	2494.692824057511	2031.45295187134	8.314995616453004e-6	EPPN3_L	Line	2	18	21
10	2020-10-02T00:00:00Z	2091.9141071615336	2352.16251609441	8.314995616453004e-6	EPPN3_L	Line	11	17	23
10	2020-10-02T00:00:00Z	NA	1764.82039146372	8.314995616453004e-6	EPPN3_L	Line	5	14	29
10	2020-10-02T00:00:00Z	2097.714213771588	2140.46085561102	8.314995616453004e-6	EPPN3_L	Line	9	16	25
10	2020-10-02T00:00:00Z	2277.686954680592	2109.64985556214	8.314995616453004e-6	EPPN3_L	Line	22	15	28
10	2020-10-02T00:00:00Z	2362.921815569592	2470.67646037111	8.314995616453004e-6	EPPN3_L	Line	9	15	27
10	2020-10-02T00:00:00Z	2119.88536184239	2404.04489986103	8.314995616453004e-6	EPPN3_L	Line	18	18	22
10	2020-10-02T00:00:00Z	2122.910471788667	2418.69549574556	8.314995616453004e-6	EPPN3_L	Line	18	17	24
10	2020-10-02T00:00:00Z	2168.244175553815	1933.49883612082	8.314995616453004e-6	EPPN3_L	Line	26	16	26
10	2020-10-02T00:00:00Z	1162.7904539610477	965.935479099013	8.350703341257067e-6	EPPN4_L	Line	20	15	38
10	2020-10-02T00:00:00Z	1239.2837502097484	1364.24152934443	8.350703341257067e-6	EPPN4_L	Line	3	17	33
10	2020-10-02T00:00:00Z	738.9102572875731	557.423292387755	8.350703341257067e-6	EPPN4_L	Line	20	16	36
10	2020-10-02T00:00:00Z	NA	434.232134270818	8.350703341257067e-6	EPPN4_L	Line	17	14	40
10	2020-10-02T00:00:00Z	1004.3443151784826	859.396819020353	8.350703341257067e-6	EPPN4_L	Line	9	18	31
10	2020-10-02T00:00:00Z	777.4891546248144	961.896338088795	8.350703341257067e-6	EPPN4_L	Line	14	18	32
10	2020-10-02T00:00:00Z	NA	517.700535811218	8.350703341257067e-6	EPPN4_L	Line	6	14	39
10	2020-10-02T00:00:00Z	NA	1841.57396459181	8.350703341257067e-6	EPPN4_L	Line	12	15	37
10	2020-10-02T00:00:00Z	NA	1044.12517151032	8.350703341257067e-6	EPPN4_L	Line	1	16	35
10	2020-10-02T00:00:00Z	1383.701774038391	1459.38839472935	8.350703341257067e-6	EPPN4_L	Line	19	17	34
11	2020-10-05T00:00:00Z	3070.1802447107866	2849.56808138695	4.165321007578528e-6	EPPN1_H	Hybrid	24	16	46
11	2020-10-05T00:00:00Z	3300.152389950986	3213.84195876272	4.165321007578528e-6	EPPN1_H	Hybrid	26	18	42
11	2020-10-05T00:00:00Z	3491.2212090026273	3454.9243191741	4.165321007578528e-6	EPPN1_H	Hybrid	5	16	45
11	2020-10-05T00:00:00Z	2896.7072261723297	2805.4269786489	4.165321007578528e-6	EPPN1_H	Hybrid	19	15	48
11	2020-10-05T00:00:00Z	4345.0948450588585	4374.71471774972	4.165321007578528e-6	EPPN1_H	Hybrid	11	18	41
11	2020-10-05T00:00:00Z	3814.344668406638	3886.21513816415	4.165321007578528e-6	EPPN1_H	Hybrid	8	14	49
11	2020-10-05T00:00:00Z	3283.0801943853608	3476.41095263273	4.165321007578528e-6	EPPN1_H	Hybrid	10	17	43
11	2020-10-05T00:00:00Z	4141.514942956089	4014.25121184803	4.165321007578528e-6	EPPN1_H	Hybrid	14	14	50
11	2020-10-05T00:00:00Z	3254.4189743567085	3453.48162871302	4.165321007578528e-6	EPPN1_H	Hybrid	5	15	47
11	2020-10-05T00:00:00Z	3432.0823714253625	3658.55705524626	4.165321007578528e-6	EPPN1_H	Hybrid	16	17	44
11	2020-10-05T00:00:00Z	2889.2060287734475	2851.35890878956	4.161763258223409e-6	EPPN2_H	Hybrid	16	15	58
11	2020-10-05T00:00:00Z	3683.2582594717283	3935.53884184759	4.161763258223409e-6	EPPN2_H	Hybrid	3	15	57
11	2020-10-05T00:00:00Z	2898.0209879151257	3183.70584582351	4.161763258223409e-6	EPPN2_H	Hybrid	2	14	59
11	2020-10-05T00:00:00Z	3513.928698397683	3379.73800873631	4.161763258223409e-6	EPPN2_H	Hybrid	25	14	60
11	2020-10-05T00:00:00Z	2889.1119841956765	2874.33254263272	4.161763258223409e-6	EPPN2_H	Hybrid	10	18	51
11	2020-10-05T00:00:00Z	3033.6616568864288	3149.175177818	4.161763258223409e-6	EPPN2_H	Hybrid	6	17	53
11	2020-10-05T00:00:00Z	2574.1305193876306	2685.01073637407	4.161763258223409e-6	EPPN2_H	Hybrid	20	18	52
11	2020-10-05T00:00:00Z	2718.825329493197	2856.26907890971	4.161763258223409e-6	EPPN2_H	Hybrid	22	17	54
11	2020-10-05T00:00:00Z	NA	3932.85716893017	4.161763258223409e-6	EPPN2_H	Hybrid	8	16	55
11	2020-10-05T00:00:00Z	3117.472641891411	2913.64853339723	4.161763258223409e-6	EPPN2_H	Hybrid	22	16	56
11	2020-10-05T00:00:00Z	3519.403488046671	3839.12538518507	4.163213573146602e-6	EPPN3_H	Hybrid	1	14	69
11	2020-10-05T00:00:00Z	NA	1822.44955626637	4.163213573146602e-6	EPPN3_H	Hybrid	19	14	70
11	2020-10-05T00:00:00Z	3401.1586365559974	3478.01988581506	4.163213573146602e-6	EPPN3_H	Hybrid	13	18	62
11	2020-10-05T00:00:00Z	NA	2263.59467620981	4.163213573146602e-6	EPPN3_H	Hybrid	23	16	66
11	2020-10-05T00:00:00Z	3223.0733231283466	3168.98038634218	4.163213573146602e-6	EPPN3_H	Hybrid	12	16	65
11	2020-10-05T00:00:00Z	3488.8444874220936	3641.25601588098	4.163213573146602e-6	EPPN3_H	Hybrid	7	17	63
11	2020-10-05T00:00:00Z	NA	1494.60264483932	4.163213573146602e-6	EPPN3_H	Hybrid	1	18	61
11	2020-10-05T00:00:00Z	3417.6270848927384	3341.40338378293	4.163213573146602e-6	EPPN3_H	Hybrid	26	15	68
11	2020-10-05T00:00:00Z	3163.966539438202	3401.29961428285	4.163213573146602e-6	EPPN3_H	Hybrid	14	17	64
11	2020-10-05T00:00:00Z	3748.21400324006	3770.05581407933	4.163213573146602e-6	EPPN3_H	Hybrid	14	15	67
11	2020-10-05T00:00:00Z	3091.697640143715	3007.79523408669	4.1634550519915035e-06	EPPN4_H	Hybrid	25	15	78
11	2020-10-05T00:00:00Z	3588.6958415758745	3807.44794102323	4.1634550519915035e-06	EPPN4_H	Hybrid	17	17	74
11	2020-10-05T00:00:00Z	3374.2569044405022	3598.39148214441	4.1634550519915035e-06	EPPN4_H	Hybrid	4	15	77
11	2020-10-05T00:00:00Z	3402.0142176351196	3370.15697043883	4.1634550519915035e-06	EPPN4_H	Hybrid	4	16	75
11	2020-10-05T00:00:00Z	3626.402311008045	3302.86536728785	4.1634550519915035e-06	EPPN4_H	Hybrid	3	18	71
11	2020-10-05T00:00:00Z	3519.1096991927916	3576.55582986863	4.1634550519915035e-06	EPPN4_H	Hybrid	22	18	72
11	2020-10-05T00:00:00Z	3495.423315372307	3309.91218727556	4.1634550519915035e-06	EPPN4_H	Hybrid	23	14	80
11	2020-10-05T00:00:00Z	3007.5907954780396	2872.49467833377	4.1634550519915035e-06	EPPN4_H	Hybrid	17	16	76
11	2020-10-05T00:00:00Z	3915.3022747320742	4012.96558064405	4.1634550519915035e-06	EPPN4_H	Hybrid	7	14	79
11	2020-10-05T00:00:00Z	3315.175383106842	3295.85553317423	4.1634550519915035e-06	EPPN4_H	Hybrid	1	17	73
11	2020-10-05T00:00:00Z	NA	2223.17643220172	4.008128254289843e-6	EPPN1_L	Line	1	15	7
11	2020-10-05T00:00:00Z	2424.840129481194	2526.22080013592	4.008128254289843e-6	EPPN1_L	Line	5	17	3
11	2020-10-05T00:00:00Z	NA	2929.10981226809	4.008128254289843e-6	EPPN1_L	Line	13	14	9
11	2020-10-05T00:00:00Z	2613.588152748633	2387.33726132935	4.008128254289843e-6	EPPN1_L	Line	18	14	10
11	2020-10-05T00:00:00Z	2064.8809431394043	2038.4614072636	4.008128254289843e-6	EPPN1_L	Line	3	16	5
11	2020-10-05T00:00:00Z	2774.2531503522664	2954.07980782234	4.008128254289843e-6	EPPN1_L	Line	20	17	4
11	2020-10-05T00:00:00Z	2676.4731071305055	2507.91396394379	4.008128254289843e-6	EPPN1_L	Line	19	16	6
11	2020-10-05T00:00:00Z	2277.332790435474	2394.51583243052	4.008128254289843e-6	EPPN1_L	Line	15	18	2
11	2020-10-05T00:00:00Z	NA	NA	4.008128254289843e-6	EPPN1_L	Line	21	15	8
11	2020-10-05T00:00:00Z	NA	1432.92700563801	4.008128254289843e-6	EPPN1_L	Line	6	18	1
11	2020-10-05T00:00:00Z	NA	762.506292857752	4.031377996348513e-6	EPPN2_L	Line	13	15	17
11	2020-10-05T00:00:00Z	1431.146876847582	1244.23759970955	4.031377996348513e-6	EPPN2_L	Line	21	16	16
11	2020-10-05T00:00:00Z	1212.4396357114765	1012.55045055087	4.031377996348513e-6	EPPN2_L	Line	16	14	20
11	2020-10-05T00:00:00Z	1566.1363542582262	1562.08011152796	4.031377996348513e-6	EPPN2_L	Line	10	14	19
11	2020-10-05T00:00:00Z	NA	1438.24497732476	4.031377996348513e-6	EPPN2_L	Line	11	16	15
11	2020-10-05T00:00:00Z	NA	1026.64956421214	4.031377996348513e-6	EPPN2_L	Line	25	17	14
11	2020-10-05T00:00:00Z	1221.2125874550575	1245.78910626046	4.031377996348513e-6	EPPN2_L	Line	2	17	13
11	2020-10-05T00:00:00Z	1557.4119759860855	1333.83304740795	4.031377996348513e-6	EPPN2_L	Line	5	18	11
11	2020-10-05T00:00:00Z	1355.450947678579	1377.18517814725	4.031377996348513e-6	EPPN2_L	Line	23	18	12
11	2020-10-05T00:00:00Z	1245.2565198985708	1227.60269143753	4.031377996348513e-6	EPPN2_L	Line	15	15	18
11	2020-10-05T00:00:00Z	NA	1402.97963601023	4.044349735740776e-6	EPPN20_T	Line	24	14	90
11	2020-10-05T00:00:00Z	772.1126810546468	804.880021365793	4.044349735740776e-6	EPPN20_T	Line	9	14	89
11	2020-10-05T00:00:00Z	1107.0856797705994	1042.14050428246	4.044349735740776e-6	EPPN20_T	Line	18	15	88
11	2020-10-05T00:00:00Z	946.8861965675613	897.831710184275	4.044349735740776e-6	EPPN20_T	Line	10	16	85
11	2020-10-05T00:00:00Z	NA	2210.75562805683	4.044349735740776e-6	EPPN20_T	Line	24	17	84
11	2020-10-05T00:00:00Z	977.1117951165982	1199.19049115012	4.044349735740776e-6	EPPN20_T	Line	13	17	83
11	2020-10-05T00:00:00Z	698.2888844607643	622.431254057598	4.044349735740776e-6	EPPN20_T	Line	13	16	86
11	2020-10-05T00:00:00Z	759.3502186885917	929.400918949058	4.044349735740776e-6	EPPN20_T	Line	7	15	87
11	2020-10-05T00:00:00Z	884.7862019361792	1008.45079963952	4.044349735740776e-6	EPPN20_T	Line	19	18	82
11	2020-10-05T00:00:00Z	NA	1241.86789685398	4.044349735740776e-6	EPPN20_T	Line	12	18	81
11	2020-10-05T00:00:00Z	NA	1929.16738276124	4.049013778534987e-6	EPPN3_L	Line	15	14	30
11	2020-10-05T00:00:00Z	3334.572123547201	2945.41601718678	4.049013778534987e-6	EPPN3_L	Line	2	18	21
11	2020-10-05T00:00:00Z	2609.970658639734	2826.09167032193	4.049013778534987e-6	EPPN3_L	Line	11	17	23
11	2020-10-05T00:00:00Z	NA	2071.83114971739	4.049013778534987e-6	EPPN3_L	Line	5	14	29
11	2020-10-05T00:00:00Z	2750.9952948516675	2712.15920071949	4.049013778534987e-6	EPPN3_L	Line	9	16	25
11	2020-10-05T00:00:00Z	2860.6285713765546	2767.09232802297	4.049013778534987e-6	EPPN3_L	Line	22	15	28
11	2020-10-05T00:00:00Z	3301.3149689340908	3431.09197425034	4.049013778534987e-6	EPPN3_L	Line	9	15	27
11	2020-10-05T00:00:00Z	3002.79977900922	3151.86316452163	4.049013778534987e-6	EPPN3_L	Line	18	18	22
11	2020-10-05T00:00:00Z	2854.4818130065864	3075.21179714662	4.049013778534987e-6	EPPN3_L	Line	18	17	24
11	2020-10-05T00:00:00Z	2612.628846815453	2356.93575279007	4.049013778534987e-6	EPPN3_L	Line	26	16	26
11	2020-10-05T00:00:00Z	1554.6886948268993	1462.3966438919	4.051196214443211e-6	EPPN4_L	Line	20	15	38
11	2020-10-05T00:00:00Z	1710.6559874742354	1769.40511392584	4.051196214443211e-6	EPPN4_L	Line	3	17	33
11	2020-10-05T00:00:00Z	963.4026274925665	786.013965573548	4.051196214443211e-6	EPPN4_L	Line	20	16	36
11	2020-10-05T00:00:00Z	NA	601.25869615316	4.051196214443211e-6	EPPN4_L	Line	17	14	40
11	2020-10-05T00:00:00Z	1303.7282104047654	1257.50362629647	4.051196214443211e-6	EPPN4_L	Line	9	18	31
11	2020-10-05T00:00:00Z	1142.7422865810374	1254.39047216219	4.051196214443211e-6	EPPN4_L	Line	14	18	32
11	2020-10-05T00:00:00Z	NA	838.637727834402	4.051196214443211e-6	EPPN4_L	Line	6	14	39
11	2020-10-05T00:00:00Z	NA	2446.72324519567	4.051196214443211e-6	EPPN4_L	Line	12	15	37
11	2020-10-05T00:00:00Z	NA	1336.52583528443	4.051196214443211e-6	EPPN4_L	Line	1	16	35
11	2020-10-05T00:00:00Z	1727.847679889348	1919.70488572406	4.051196214443211e-6	EPPN4_L	Line	19	17	34
