timeNumber	timePoint	S_Convex_hull_area_cmsquared_corr	S_Convex_hull_area_cmsquared	wt	genotype	geno.decomp	rowId	colId	plotId
1	2020-09-10T00:00:00Z	29.80122667257784	28.7430262869389	0.01789248958955495	EPPN1_H	Hybrid	24	16	46
1	2020-09-10T00:00:00Z	30.823208536542744	35.7755215174055	0.01789248958955495	EPPN1_H	Hybrid	26	18	42
1	2020-09-10T00:00:00Z	31.332700548224697	31.6526104574635	0.01789248958955495	EPPN1_H	Hybrid	5	16	45
1	2020-09-10T00:00:00Z	NA	33.1135939580039	0.01789248958955495	EPPN1_H	Hybrid	19	15	48
1	2020-09-10T00:00:00Z	39.96519123725734	45.343639435601	0.01789248958955495	EPPN1_H	Hybrid	11	18	41
1	2020-09-10T00:00:00Z	35.405431497486	32.5350300134034	0.01789248958955495	EPPN1_H	Hybrid	8	14	49
1	2020-09-10T00:00:00Z	33.122280472743874	35.4838582315368	0.01789248958955495	EPPN1_H	Hybrid	10	17	43
1	2020-09-10T00:00:00Z	NA	34.3692129763977	0.01789248958955495	EPPN1_H	Hybrid	14	14	50
1	2020-09-10T00:00:00Z	25.648380713487825	24.389223063396	0.01789248958955495	EPPN1_H	Hybrid	5	15	47
1	2020-09-10T00:00:00Z	28.31825654920351	30.9132602207185	0.01789248958955495	EPPN1_H	Hybrid	16	17	44
1	2020-09-10T00:00:00Z	46.16065831441948	43.6841496359913	0.017902011708629317	EPPN2_H	Hybrid	16	15	58
1	2020-09-10T00:00:00Z	42.772661875008495	41.8901632460331	0.017902011708629317	EPPN2_H	Hybrid	3	15	57
1	2020-09-10T00:00:00Z	NA	49.3490088578024	0.017902011708629317	EPPN2_H	Hybrid	2	14	59
1	2020-09-10T00:00:00Z	35.22125641483446	27.1700257961367	0.017902011708629317	EPPN2_H	Hybrid	25	14	60
1	2020-09-10T00:00:00Z	25.032803105185305	29.4082700454324	0.017902011708629317	EPPN2_H	Hybrid	10	18	51
1	2020-09-10T00:00:00Z	39.01922743533735	41.0887083514219	0.017902011708629317	EPPN2_H	Hybrid	6	17	53
1	2020-09-10T00:00:00Z	34.72799663155948	40.0626479610306	0.017902011708629317	EPPN2_H	Hybrid	20	18	52
1	2020-09-10T00:00:00Z	NA	45.7225540506193	0.017902011708629317	EPPN2_H	Hybrid	22	17	54
1	2020-09-10T00:00:00Z	42.30839733967954	43.1179685219469	0.017902011708629317	EPPN2_H	Hybrid	8	16	55
1	2020-09-10T00:00:00Z	33.18222787146924	32.6186617459288	0.017902011708629317	EPPN2_H	Hybrid	22	16	56
1	2020-09-10T00:00:00Z	22.483965246750216	19.2055796875055	0.017893013692357383	EPPN3_H	Hybrid	1	14	69
1	2020-09-10T00:00:00Z	19.38071050908318	13.4395622653049	0.017893013692357383	EPPN3_H	Hybrid	19	14	70
1	2020-09-10T00:00:00Z	26.198459108773033	31.1270069266262	0.017893013692357383	EPPN3_H	Hybrid	13	18	62
1	2020-09-10T00:00:00Z	15.670271346245265	14.3816099129998	0.017893013692357383	EPPN3_H	Hybrid	23	16	66
1	2020-09-10T00:00:00Z	35.10004066905325	36.0256546946398	0.017893013692357383	EPPN3_H	Hybrid	12	16	65
1	2020-09-10T00:00:00Z	34.3456549301259	36.7335715922807	0.017893013692357383	EPPN3_H	Hybrid	7	17	63
1	2020-09-10T00:00:00Z	NA	31.7684375494349	0.017893013692357383	EPPN3_H	Hybrid	1	18	61
1	2020-09-10T00:00:00Z	29.542419004007073	24.278730113818	0.017893013692357383	EPPN3_H	Hybrid	26	15	68
1	2020-09-10T00:00:00Z	NA	26.6510899432912	0.017893013692357383	EPPN3_H	Hybrid	14	17	64
1	2020-09-10T00:00:00Z	34.535690467474666	32.6106605323387	0.017893013692357383	EPPN3_H	Hybrid	14	15	67
1	2020-09-10T00:00:00Z	44.63700779776694	39.9041477299119	0.017882744094065275	EPPN4_H	Hybrid	25	15	78
1	2020-09-10T00:00:00Z	38.35171792651768	40.8334315368797	0.017882744094065275	EPPN4_H	Hybrid	17	17	74
1	2020-09-10T00:00:00Z	33.49230100839407	32.6245674035787	0.017882744094065275	EPPN4_H	Hybrid	4	15	77
1	2020-09-10T00:00:00Z	50.538838862741635	51.1631887868213	0.017882744094065275	EPPN4_H	Hybrid	4	16	75
1	2020-09-10T00:00:00Z	38.54021986518117	41.87301778834	0.017882744094065275	EPPN4_H	Hybrid	3	18	71
1	2020-09-10T00:00:00Z	NA	46.606497647243	0.017882744094065275	EPPN4_H	Hybrid	22	18	72
1	2020-09-10T00:00:00Z	35.52299405628982	27.9453814940372	0.017882744094065275	EPPN4_H	Hybrid	23	14	80
1	2020-09-10T00:00:00Z	35.95121360125703	35.8101934429627	0.017882744094065275	EPPN4_H	Hybrid	17	16	76
1	2020-09-10T00:00:00Z	31.659495981912073	28.7883664972829	0.017882744094065275	EPPN4_H	Hybrid	7	14	79
1	2020-09-10T00:00:00Z	15.12947334095766	15.5444529547652	0.017882744094065275	EPPN4_H	Hybrid	1	17	73
1	2020-09-10T00:00:00Z	27.958252635577328	25.9109776862043	0.017832344683353415	EPPN1_L	Line	1	15	7
1	2020-09-10T00:00:00Z	33.446004383923935	35.3449800242224	0.017832344683353415	EPPN1_L	Line	5	17	3
1	2020-09-10T00:00:00Z	NA	38.8601798614856	0.017832344683353415	EPPN1_L	Line	13	14	9
1	2020-09-10T00:00:00Z	33.15957394038598	27.9787198839961	0.017832344683353415	EPPN1_L	Line	18	14	10
1	2020-09-10T00:00:00Z	30.919315693045167	31.4419118329235	0.017832344683353415	EPPN1_L	Line	3	16	5
1	2020-09-10T00:00:00Z	35.491303282973945	37.9423263596466	0.017832344683353415	EPPN1_L	Line	20	17	4
1	2020-09-10T00:00:00Z	NA	29.4802809677436	0.017832344683353415	EPPN1_L	Line	19	16	6
1	2020-09-10T00:00:00Z	32.56480983649072	37.8861273594302	0.017832344683353415	EPPN1_L	Line	15	18	2
1	2020-09-10T00:00:00Z	33.634813093005135	30.1731479636316	0.017832344683353415	EPPN1_L	Line	21	15	8
1	2020-09-10T00:00:00Z	NA	35.4158479160207	0.017832344683353415	EPPN1_L	Line	6	18	1
1	2020-09-10T00:00:00Z	NA	5.92356512789192	0.017838485081012073	EPPN2_L	Line	13	15	17
1	2020-09-10T00:00:00Z	NA	25.3076480804915	0.017838485081012073	EPPN2_L	Line	21	16	16
1	2020-09-10T00:00:00Z	NA	7.15651404111365	0.017838485081012073	EPPN2_L	Line	16	14	20
1	2020-09-10T00:00:00Z	NA	27.2612777320812	0.017838485081012073	EPPN2_L	Line	10	14	19
1	2020-09-10T00:00:00Z	NA	32.0393357809864	0.017838485081012073	EPPN2_L	Line	11	16	15
1	2020-09-10T00:00:00Z	NA	19.6706026011604	0.017838485081012073	EPPN2_L	Line	25	17	14
1	2020-09-10T00:00:00Z	NA	27.249275911696	0.017838485081012073	EPPN2_L	Line	2	17	13
1	2020-09-10T00:00:00Z	NA	32.8868929062836	0.017838485081012073	EPPN2_L	Line	5	18	11
1	2020-09-10T00:00:00Z	NA	28.0867362674628	0.017838485081012073	EPPN2_L	Line	23	18	12
1	2020-09-10T00:00:00Z	NA	20.9195539415623	0.017838485081012073	EPPN2_L	Line	15	15	18
1	2020-09-10T00:00:00Z	24.225294720349325	16.7042479151629	0.01781062391108221	EPPN20_T	Line	24	14	90
1	2020-09-10T00:00:00Z	19.87937062505016	16.8215990478181	0.01781062391108221	EPPN20_T	Line	9	14	89
1	2020-09-10T00:00:00Z	17.319877532585785	14.848728382595	0.01781062391108221	EPPN20_T	Line	18	15	88
1	2020-09-10T00:00:00Z	7.616960202148391	7.96463661371664	0.01781062391108221	EPPN20_T	Line	10	16	85
1	2020-09-10T00:00:00Z	NA	23.9133413598688	0.01781062391108221	EPPN20_T	Line	24	17	84
1	2020-09-10T00:00:00Z	17.666478898549574	20.3202249426446	0.01781062391108221	EPPN20_T	Line	13	17	83
1	2020-09-10T00:00:00Z	16.535818956335554	16.9147560346175	0.01781062391108221	EPPN20_T	Line	13	16	86
1	2020-09-10T00:00:00Z	17.176926766112373	16.0588166855592	0.01781062391108221	EPPN20_T	Line	7	15	87
1	2020-09-10T00:00:00Z	14.24619159636671	19.4917183258953	0.01781062391108221	EPPN20_T	Line	19	18	82
1	2020-09-10T00:00:00Z	15.13191973122013	20.4331944583338	0.01781062391108221	EPPN20_T	Line	12	18	81
1	2020-09-10T00:00:00Z	30.95761843898443	26.4838264782404	0.017829455149103213	EPPN3_L	Line	15	14	30
1	2020-09-10T00:00:00Z	23.306880443071492	26.2832246232307	0.017829455149103213	EPPN3_L	Line	2	18	21
1	2020-09-10T00:00:00Z	35.73060898097958	39.008202312903	0.017829455149103213	EPPN3_L	Line	11	17	23
1	2020-09-10T00:00:00Z	NA	21.0687194234926	0.017829455149103213	EPPN3_L	Line	5	14	29
1	2020-09-10T00:00:00Z	26.179573083448894	26.9757106089478	0.017829455149103213	EPPN3_L	Line	9	16	25
1	2020-09-10T00:00:00Z	33.85977731067191	30.2386817130365	0.017829455149103213	EPPN3_L	Line	22	15	28
1	2020-09-10T00:00:00Z	27.609872834250375	26.4790638511034	0.017829455149103213	EPPN3_L	Line	9	15	27
1	2020-09-10T00:00:00Z	43.78610879959161	49.4440708954565	0.017829455149103213	EPPN3_L	Line	18	18	22
1	2020-09-10T00:00:00Z	26.438859255073528	29.3871239809442	0.017829455149103213	EPPN3_L	Line	18	17	24
1	2020-09-10T00:00:00Z	20.21524687479942	18.3568795316954	0.017829455149103213	EPPN3_L	Line	26	16	26
1	2020-09-10T00:00:00Z	NA	25.9166928387687	0.017828581852852493	EPPN4_L	Line	20	15	38
1	2020-09-10T00:00:00Z	27.898730718240632	29.8264287080594	0.017828581852852493	EPPN4_L	Line	3	17	33
1	2020-09-10T00:00:00Z	11.313880130201003	10.881269472404	0.017828581852852493	EPPN4_L	Line	20	16	36
1	2020-09-10T00:00:00Z	NA	2.82861950919596	0.017828581852852493	EPPN4_L	Line	17	14	40
1	2020-09-10T00:00:00Z	26.829629212384592	31.4796318398483	0.017828581852852493	EPPN4_L	Line	9	18	31
1	2020-09-10T00:00:00Z	NA	17.2706195342927	0.017828581852852493	EPPN4_L	Line	14	18	32
1	2020-09-10T00:00:00Z	NA	11.271995402722	0.017828581852852493	EPPN4_L	Line	6	14	39
1	2020-09-10T00:00:00Z	29.824282550812644	28.5620464557336	0.017828581852852493	EPPN4_L	Line	12	15	37
1	2020-09-10T00:00:00Z	15.845105260815565	15.0289461934583	0.017828581852852493	EPPN4_L	Line	1	16	35
1	2020-09-10T00:00:00Z	27.378709945987975	29.8275717385723	0.017828581852852493	EPPN4_L	Line	19	17	34
2	2020-09-14T00:00:00Z	138.07591996907053	149.587641199678	0.0016766834247479545	EPPN1_H	Hybrid	24	16	46
2	2020-09-14T00:00:00Z	150.8208367345237	149.198820320215	0.0016766834247479545	EPPN1_H	Hybrid	26	18	42
2	2020-09-14T00:00:00Z	118.37574429083642	119.460214456561	0.0016766834247479545	EPPN1_H	Hybrid	5	16	45
2	2020-09-14T00:00:00Z	NA	132.254345492262	0.0016766834247479545	EPPN1_H	Hybrid	19	15	48
2	2020-09-14T00:00:00Z	169.6540029293455	179.740786129334	0.0016766834247479545	EPPN1_H	Hybrid	11	18	41
2	2020-09-14T00:00:00Z	134.61146818722884	133.32650811334	0.0016766834247479545	EPPN1_H	Hybrid	8	14	49
2	2020-09-14T00:00:00Z	139.2874783311828	134.087766434915	0.0016766834247479545	EPPN1_H	Hybrid	10	17	43
2	2020-09-14T00:00:00Z	NA	168.693396222392	0.0016766834247479545	EPPN1_H	Hybrid	14	14	50
2	2020-09-14T00:00:00Z	136.32392280765936	136.733501062051	0.0016766834247479545	EPPN1_H	Hybrid	5	15	47
2	2020-09-14T00:00:00Z	158.84415674222865	167.365956786773	0.0016766834247479545	EPPN1_H	Hybrid	16	17	44
2	2020-09-14T00:00:00Z	109.02730289698285	96.2631722180944	0.0016735723754526038	EPPN2_H	Hybrid	16	15	58
2	2020-09-14T00:00:00Z	154.02711550895592	163.517754060092	0.0016735723754526038	EPPN2_H	Hybrid	3	15	57
2	2020-09-14T00:00:00Z	NA	148.388602191671	0.0016735723754526038	EPPN2_H	Hybrid	2	14	59
2	2020-09-14T00:00:00Z	139.3722245108193	134.658900681182	0.0016735723754526038	EPPN2_H	Hybrid	25	14	60
2	2020-09-14T00:00:00Z	108.18544844601186	104.36268643233	0.0016735723754526038	EPPN2_H	Hybrid	10	18	51
2	2020-09-14T00:00:00Z	125.7168137521366	107.768155340357	0.0016735723754526038	EPPN2_H	Hybrid	6	17	53
2	2020-09-14T00:00:00Z	100.87153043093971	117.950652159224	0.0016735723754526038	EPPN2_H	Hybrid	20	18	52
2	2020-09-14T00:00:00Z	NA	119.780834515423	0.0016735723754526038	EPPN2_H	Hybrid	22	17	54
2	2020-09-14T00:00:00Z	140.9920845509079	142.677450234089	0.0016735723754526038	EPPN2_H	Hybrid	8	16	55
2	2020-09-14T00:00:00Z	135.1702589709044	138.435854505893	0.0016735723754526038	EPPN2_H	Hybrid	22	16	56
2	2020-09-14T00:00:00Z	125.6506233193201	125.769171372378	0.0016739265884236339	EPPN3_H	Hybrid	1	14	69
2	2020-09-14T00:00:00Z	95.40367243920716	63.2720730300536	0.0016739265884236339	EPPN3_H	Hybrid	19	14	70
2	2020-09-14T00:00:00Z	112.35971231028446	114.845800276083	0.0016739265884236339	EPPN3_H	Hybrid	13	18	62
2	2020-09-14T00:00:00Z	89.04247952750994	79.4743400449787	0.0016739265884236339	EPPN3_H	Hybrid	23	16	66
2	2020-09-14T00:00:00Z	132.34206860121424	142.403313416084	0.0016739265884236339	EPPN3_H	Hybrid	12	16	65
2	2020-09-14T00:00:00Z	152.17446395626834	160.600549686148	0.0016739265884236339	EPPN3_H	Hybrid	7	17	63
2	2020-09-14T00:00:00Z	NA	111.049605437738	0.0016739265884236339	EPPN3_H	Hybrid	1	18	61
2	2020-09-14T00:00:00Z	126.55450623583468	123.95156235182	0.0016739265884236339	EPPN3_H	Hybrid	26	15	68
2	2020-09-14T00:00:00Z	NA	117.785293745028	0.0016739265884236339	EPPN3_H	Hybrid	14	17	64
2	2020-09-14T00:00:00Z	132.2504191114798	128.541782386443	0.0016739265884236339	EPPN3_H	Hybrid	14	15	67
2	2020-09-14T00:00:00Z	128.9909630810455	126.731793569304	0.0016722220222038474	EPPN4_H	Hybrid	25	15	78
2	2020-09-14T00:00:00Z	131.2095290040417	136.206563995615	0.0016722220222038474	EPPN4_H	Hybrid	17	17	74
2	2020-09-14T00:00:00Z	105.2437654427828	112.622224918369	0.0016722220222038474	EPPN4_H	Hybrid	4	15	77
2	2020-09-14T00:00:00Z	187.90753465632483	194.95776084216	0.0016722220222038474	EPPN4_H	Hybrid	4	16	75
2	2020-09-14T00:00:00Z	123.84053275480295	128.177727168092	0.0016722220222038474	EPPN4_H	Hybrid	3	18	71
2	2020-09-14T00:00:00Z	NA	173.627096926134	0.0016722220222038474	EPPN4_H	Hybrid	22	18	72
2	2020-09-14T00:00:00Z	137.42857623900966	114.249709863618	0.0016722220222038474	EPPN4_H	Hybrid	23	14	80
2	2020-09-14T00:00:00Z	126.59765023311357	118.972330932649	0.0016722220222038474	EPPN4_H	Hybrid	17	16	76
2	2020-09-14T00:00:00Z	149.77494452613638	153.759321561502	0.0016722220222038474	EPPN4_H	Hybrid	7	14	79
2	2020-09-14T00:00:00Z	99.76458087113546	84.6206444241152	0.0016722220222038474	EPPN4_H	Hybrid	1	17	73
2	2020-09-14T00:00:00Z	123.6010367203546	118.632088849983	0.001633471648572188	EPPN1_L	Line	1	15	7
2	2020-09-14T00:00:00Z	138.8314744525402	140.590848032835	0.001633471648572188	EPPN1_L	Line	5	17	3
2	2020-09-14T00:00:00Z	NA	141.894474332769	0.001633471648572188	EPPN1_L	Line	13	14	9
2	2020-09-14T00:00:00Z	120.4102304752011	108.610949838518	0.001633471648572188	EPPN1_L	Line	18	14	10
2	2020-09-14T00:00:00Z	112.16708536139768	119.939906261798	0.001633471648572188	EPPN1_L	Line	3	16	5
2	2020-09-14T00:00:00Z	130.78315848330956	135.396917382328	0.001633471648572188	EPPN1_L	Line	20	17	4
2	2020-09-14T00:00:00Z	NA	107.450773867949	0.001633471648572188	EPPN1_L	Line	19	16	6
2	2020-09-14T00:00:00Z	115.2588734492268	128.350705785707	0.001633471648572188	EPPN1_L	Line	15	18	2
2	2020-09-14T00:00:00Z	141.3359549522384	136.547949108794	0.001633471648572188	EPPN1_L	Line	21	15	8
2	2020-09-14T00:00:00Z	NA	61.3131092360705	0.001633471648572188	EPPN1_L	Line	6	18	1
2	2020-09-14T00:00:00Z	NA	18.4071728742619	0.0016181477144236477	EPPN2_L	Line	13	15	17
2	2020-09-14T00:00:00Z	NA	70.2323668331236	0.0016181477144236477	EPPN2_L	Line	21	16	16
2	2020-09-14T00:00:00Z	NA	32.3856740263877	0.0016181477144236477	EPPN2_L	Line	16	14	20
2	2020-09-14T00:00:00Z	NA	71.9956819043196	0.0016181477144236477	EPPN2_L	Line	10	14	19
2	2020-09-14T00:00:00Z	NA	74.5076819614491	0.0016181477144236477	EPPN2_L	Line	11	16	15
2	2020-09-14T00:00:00Z	NA	57.818483948039	0.0016181477144236477	EPPN2_L	Line	25	17	14
2	2020-09-14T00:00:00Z	NA	69.1925900765779	0.0016181477144236477	EPPN2_L	Line	2	17	13
2	2020-09-14T00:00:00Z	NA	84.260399307474	0.0016181477144236477	EPPN2_L	Line	5	18	11
2	2020-09-14T00:00:00Z	NA	61.2252863916645	0.0016181477144236477	EPPN2_L	Line	23	18	12
2	2020-09-14T00:00:00Z	NA	48.5454584072509	0.0016181477144236477	EPPN2_L	Line	15	15	18
2	2020-09-14T00:00:00Z	71.54893302257555	73.8169105215013	0.0016249446076178327	EPPN20_T	Line	24	14	90
2	2020-09-14T00:00:00Z	57.385178288001256	54.8789904790941	0.0016249446076178327	EPPN20_T	Line	9	14	89
2	2020-09-14T00:00:00Z	48.89348285278942	50.7233125444497	0.0016249446076178327	EPPN20_T	Line	18	15	88
2	2020-09-14T00:00:00Z	32.374300417034945	25.7976271603441	0.0016249446076178327	EPPN20_T	Line	10	16	85
2	2020-09-14T00:00:00Z	NA	98.0950691200629	0.0016249446076178327	EPPN20_T	Line	24	17	84
2	2020-09-14T00:00:00Z	60.582500287170234	59.3855787811914	0.0016249446076178327	EPPN20_T	Line	13	17	83
2	2020-09-14T00:00:00Z	43.42807434994366	38.5481325314706	0.0016249446076178327	EPPN20_T	Line	13	16	86
2	2020-09-14T00:00:00Z	35.97391237016253	41.4388566985328	0.0016249446076178327	EPPN20_T	Line	7	15	87
2	2020-09-14T00:00:00Z	31.37172697854524	53.2713180627347	0.0016249446076178327	EPPN20_T	Line	19	18	82
2	2020-09-14T00:00:00Z	60.6771500363294	75.5192639653439	0.0016249446076178327	EPPN20_T	Line	12	18	81
2	2020-09-14T00:00:00Z	121.44509302447044	102.037190853885	0.001624582896738423	EPPN3_L	Line	15	14	30
2	2020-09-14T00:00:00Z	131.5048516208096	129.948471937621	0.001624582896738423	EPPN3_L	Line	2	18	21
2	2020-09-14T00:00:00Z	117.40759610272288	125.826894413278	0.001624582896738423	EPPN3_L	Line	11	17	23
2	2020-09-14T00:00:00Z	NA	121.176665276729	0.001624582896738423	EPPN3_L	Line	5	14	29
2	2020-09-14T00:00:00Z	116.55506448264096	116.819813971819	0.001624582896738423	EPPN3_L	Line	9	16	25
2	2020-09-14T00:00:00Z	130.6795894473481	125.020867396615	0.001624582896738423	EPPN3_L	Line	22	15	28
2	2020-09-14T00:00:00Z	114.94312493241935	113.822406956888	0.001624582896738423	EPPN3_L	Line	9	15	27
2	2020-09-14T00:00:00Z	196.37527637896198	239.09245500531	0.001624582896738423	EPPN3_L	Line	18	18	22
2	2020-09-14T00:00:00Z	117.43701777155655	146.525081445513	0.001624582896738423	EPPN3_L	Line	18	17	24
2	2020-09-14T00:00:00Z	104.54958499960502	102.273607664965	0.001624582896738423	EPPN3_L	Line	26	16	26
2	2020-09-14T00:00:00Z	NA	78.4238950036461	0.0016309976633786286	EPPN4_L	Line	20	15	38
2	2020-09-14T00:00:00Z	95.17462565686708	101.229639796539	0.0016309976633786286	EPPN4_L	Line	3	17	33
2	2020-09-14T00:00:00Z	34.983347568162245	27.1317342739553	0.0016309976633786286	EPPN4_L	Line	20	16	36
2	2020-09-14T00:00:00Z	NA	19.953883663268	0.0016309976633786286	EPPN4_L	Line	17	14	40
2	2020-09-14T00:00:00Z	89.86925036672407	92.9049485712661	0.0016309976633786286	EPPN4_L	Line	9	18	31
2	2020-09-14T00:00:00Z	NA	64.1802107725332	0.0016309976633786286	EPPN4_L	Line	14	18	32
2	2020-09-14T00:00:00Z	NA	24.4412309517318	0.0016309976633786286	EPPN4_L	Line	6	14	39
2	2020-09-14T00:00:00Z	96.4183027367715	104.089121129582	0.0016309976633786286	EPPN4_L	Line	12	15	37
2	2020-09-14T00:00:00Z	59.50299476111048	49.4465474615677	0.0016309976633786286	EPPN4_L	Line	1	16	35
2	2020-09-14T00:00:00Z	104.59620170553248	112.987994682489	0.0016309976633786286	EPPN4_L	Line	19	17	34
3	2020-09-16T00:00:00Z	674.897337148782	711.327589533463	1.1081372245977626e-4	EPPN1_H	Hybrid	24	16	46
3	2020-09-16T00:00:00Z	694.3181816825669	672.504070110735	1.1081372245977626e-4	EPPN1_H	Hybrid	26	18	42
3	2020-09-16T00:00:00Z	665.191777507604	669.640217007987	1.1081372245977626e-4	EPPN1_H	Hybrid	5	16	45
3	2020-09-16T00:00:00Z	NA	564.77530606766	1.1081372245977626e-4	EPPN1_H	Hybrid	19	15	48
3	2020-09-16T00:00:00Z	838.8053111157348	838.530554675224	1.1081372245977626e-4	EPPN1_H	Hybrid	11	18	41
3	2020-09-16T00:00:00Z	706.0686410747714	726.950142951011	1.1081372245977626e-4	EPPN1_H	Hybrid	8	14	49
3	2020-09-16T00:00:00Z	646.8509913362469	605.20821703731	1.1081372245977626e-4	EPPN1_H	Hybrid	10	17	43
3	2020-09-16T00:00:00Z	NA	767.093851705694	1.1081372245977626e-4	EPPN1_H	Hybrid	14	14	50
3	2020-09-16T00:00:00Z	621.9046198104792	609.679583750518	1.1081372245977626e-4	EPPN1_H	Hybrid	5	15	47
3	2020-09-16T00:00:00Z	771.7748233884301	828.850731187935	1.1081372245977626e-4	EPPN1_H	Hybrid	16	17	44
3	2020-09-16T00:00:00Z	515.5102427463647	471.97238101517	1.1052593930840679e-4	EPPN2_H	Hybrid	16	15	58
3	2020-09-16T00:00:00Z	566.3306042031116	578.699265956398	1.1052593930840679e-4	EPPN2_H	Hybrid	3	15	57
3	2020-09-16T00:00:00Z	NA	578.263584697488	1.1052593930840679e-4	EPPN2_H	Hybrid	2	14	59
3	2020-09-16T00:00:00Z	637.1446415439215	631.397918919882	1.1052593930840679e-4	EPPN2_H	Hybrid	25	14	60
3	2020-09-16T00:00:00Z	476.4351224847094	421.00612443679	1.1052593930840679e-4	EPPN2_H	Hybrid	10	18	51
3	2020-09-16T00:00:00Z	594.0043661604766	548.48139036537	1.1052593930840679e-4	EPPN2_H	Hybrid	6	17	53
3	2020-09-16T00:00:00Z	452.9100576612527	554.26543466469	1.1052593930840679e-4	EPPN2_H	Hybrid	20	18	52
3	2020-09-16T00:00:00Z	NA	489.066297649769	1.1052593930840679e-4	EPPN2_H	Hybrid	22	17	54
3	2020-09-16T00:00:00Z	613.0113528927509	629.35096817759	1.1052593930840679e-4	EPPN2_H	Hybrid	8	16	55
3	2020-09-16T00:00:00Z	523.8637303049517	525.839110457283	1.1052593930840679e-4	EPPN2_H	Hybrid	22	16	56
3	2020-09-16T00:00:00Z	549.2603656324416	577.55748058822	1.1079569615806109e-4	EPPN3_H	Hybrid	1	14	69
3	2020-09-16T00:00:00Z	453.5025242876323	296.53461787729	1.1079569615806109e-4	EPPN3_H	Hybrid	19	14	70
3	2020-09-16T00:00:00Z	503.7160310362712	495.720765498678	1.1079569615806109e-4	EPPN3_H	Hybrid	13	18	62
3	2020-09-16T00:00:00Z	406.1782361789451	397.433327012368	1.1079569615806109e-4	EPPN3_H	Hybrid	23	16	66
3	2020-09-16T00:00:00Z	566.1526308068167	612.214797972623	1.1079569615806109e-4	EPPN3_H	Hybrid	12	16	65
3	2020-09-16T00:00:00Z	543.5920385213517	554.802524492484	1.1079569615806109e-4	EPPN3_H	Hybrid	7	17	63
3	2020-09-16T00:00:00Z	NA	376.708420230777	1.1079569615806109e-4	EPPN3_H	Hybrid	1	18	61
3	2020-09-16T00:00:00Z	449.1673355371632	450.351698541768	1.1079569615806109e-4	EPPN3_H	Hybrid	26	15	68
3	2020-09-16T00:00:00Z	NA	547.237257460078	1.1079569615806109e-4	EPPN3_H	Hybrid	14	17	64
3	2020-09-16T00:00:00Z	559.434990002394	563.639154508865	1.1079569615806109e-4	EPPN3_H	Hybrid	14	15	67
3	2020-09-16T00:00:00Z	488.21369100720324	484.987419656871	1.1060686767475142e-4	EPPN4_H	Hybrid	25	15	78
3	2020-09-16T00:00:00Z	607.8096653441821	649.818597664049	1.1060686767475142e-4	EPPN4_H	Hybrid	17	17	74
3	2020-09-16T00:00:00Z	455.23334281016446	447.547939405766	1.1060686767475142e-4	EPPN4_H	Hybrid	4	15	77
3	2020-09-16T00:00:00Z	759.3528004365435	766.639391082176	1.1060686767475142e-4	EPPN4_H	Hybrid	4	16	75
3	2020-09-16T00:00:00Z	649.5884030076885	676.800788733087	1.1060686767475142e-4	EPPN4_H	Hybrid	3	18	71
3	2020-09-16T00:00:00Z	NA	763.796195280497	1.1060686767475142e-4	EPPN4_H	Hybrid	22	18	72
3	2020-09-16T00:00:00Z	602.6387074125852	538.606261486157	1.1060686767475142e-4	EPPN4_H	Hybrid	23	14	80
3	2020-09-16T00:00:00Z	517.5744526314772	496.09165794969	1.1060686767475142e-4	EPPN4_H	Hybrid	17	16	76
3	2020-09-16T00:00:00Z	629.5838551466184	625.237348360168	1.1060686767475142e-4	EPPN4_H	Hybrid	7	14	79
3	2020-09-16T00:00:00Z	467.10892811898384	404.471832867515	1.1060686767475142e-4	EPPN4_H	Hybrid	1	17	73
3	2020-09-16T00:00:00Z	511.4399519843885	510.218434976196	1.1053123408480441e-4	EPPN1_L	Line	1	15	7
3	2020-09-16T00:00:00Z	555.9162130798411	576.308652841776	1.1053123408480441e-4	EPPN1_L	Line	5	17	3
3	2020-09-16T00:00:00Z	NA	645.589484754286	1.1053123408480441e-4	EPPN1_L	Line	13	14	9
3	2020-09-16T00:00:00Z	556.3234131449932	461.174246365464	1.1053123408480441e-4	EPPN1_L	Line	18	14	10
3	2020-09-16T00:00:00Z	461.485954463494	479.584596459097	1.1053123408480441e-4	EPPN1_L	Line	3	16	5
3	2020-09-16T00:00:00Z	605.5484538825607	646.182912675905	1.1053123408480441e-4	EPPN1_L	Line	20	17	4
3	2020-09-16T00:00:00Z	NA	472.540456794567	1.1053123408480441e-4	EPPN1_L	Line	19	16	6
3	2020-09-16T00:00:00Z	501.4565293978776	556.817550314942	1.1053123408480441e-4	EPPN1_L	Line	15	18	2
3	2020-09-16T00:00:00Z	612.3033228265253	576.374380617905	1.1053123408480441e-4	EPPN1_L	Line	21	15	8
3	2020-09-16T00:00:00Z	NA	245.13080210354	1.1053123408480441e-4	EPPN1_L	Line	6	18	1
3	2020-09-16T00:00:00Z	NA	96.471473928699	1.095981713144565e-4	EPPN2_L	Line	13	15	17
3	2020-09-16T00:00:00Z	NA	228.739233705287	1.095981713144565e-4	EPPN2_L	Line	21	16	16
3	2020-09-16T00:00:00Z	NA	130.424565140295	1.095981713144565e-4	EPPN2_L	Line	16	14	20
3	2020-09-16T00:00:00Z	NA	307.972189891904	1.095981713144565e-4	EPPN2_L	Line	10	14	19
3	2020-09-16T00:00:00Z	NA	337.387247645932	1.095981713144565e-4	EPPN2_L	Line	11	16	15
3	2020-09-16T00:00:00Z	NA	234.111070951458	1.095981713144565e-4	EPPN2_L	Line	25	17	14
3	2020-09-16T00:00:00Z	NA	273.439755282146	1.095981713144565e-4	EPPN2_L	Line	2	17	13
3	2020-09-16T00:00:00Z	NA	366.447375408866	1.095981713144565e-4	EPPN2_L	Line	5	18	11
3	2020-09-16T00:00:00Z	NA	322.011642872982	1.095981713144565e-4	EPPN2_L	Line	23	18	12
3	2020-09-16T00:00:00Z	NA	195.938256512403	1.095981713144565e-4	EPPN2_L	Line	15	15	18
3	2020-09-16T00:00:00Z	272.9634565844764	279.019104507237	1.1015498206756128e-4	EPPN20_T	Line	24	14	90
3	2020-09-16T00:00:00Z	203.52711273193245	224.895097769992	1.1015498206756128e-4	EPPN20_T	Line	9	14	89
3	2020-09-16T00:00:00Z	245.54515171996835	218.722320623282	1.1015498206756128e-4	EPPN20_T	Line	18	15	88
3	2020-09-16T00:00:00Z	122.42981968502832	94.4019879488772	1.1015498206756128e-4	EPPN20_T	Line	10	16	85
3	2020-09-16T00:00:00Z	NA	386.528149984396	1.1015498206756128e-4	EPPN20_T	Line	24	17	84
3	2020-09-16T00:00:00Z	243.6021070766126	236.379618196126	1.1015498206756128e-4	EPPN20_T	Line	13	17	83
3	2020-09-16T00:00:00Z	167.0922222531569	160.625539303175	1.1015498206756128e-4	EPPN20_T	Line	13	16	86
3	2020-09-16T00:00:00Z	170.1741924581792	171.413345302346	1.1015498206756128e-4	EPPN20_T	Line	7	15	87
3	2020-09-16T00:00:00Z	76.978326914143	187.73730798801	1.1015498206756128e-4	EPPN20_T	Line	19	18	82
3	2020-09-16T00:00:00Z	241.7980853278024	268.037871052602	1.1015498206756128e-4	EPPN20_T	Line	12	18	81
3	2020-09-16T00:00:00Z	504.92359977412013	431.082192517311	1.1008497029326973e-4	EPPN3_L	Line	15	14	30
3	2020-09-16T00:00:00Z	552.6747383368605	537.781847379857	1.1008497029326973e-4	EPPN3_L	Line	2	18	21
3	2020-09-16T00:00:00Z	468.0141558962412	481.766758626568	1.1008497029326973e-4	EPPN3_L	Line	11	17	23
3	2020-09-16T00:00:00Z	NA	514.198721304901	1.1008497029326973e-4	EPPN3_L	Line	5	14	29
3	2020-09-16T00:00:00Z	541.5905876275253	544.941480136727	1.1008497029326973e-4	EPPN3_L	Line	9	16	25
3	2020-09-16T00:00:00Z	538.7223720095053	500.982743461891	1.1008497029326973e-4	EPPN3_L	Line	22	15	28
3	2020-09-16T00:00:00Z	507.45481735655767	519.922671637475	1.1008497029326973e-4	EPPN3_L	Line	9	15	27
3	2020-09-16T00:00:00Z	721.1074002255592	901.157857707055	1.1008497029326973e-4	EPPN3_L	Line	18	18	22
3	2020-09-16T00:00:00Z	470.188957907307	580.979080819831	1.1008497029326973e-4	EPPN3_L	Line	18	17	24
3	2020-09-16T00:00:00Z	524.374555142271	516.916095363705	1.1008497029326973e-4	EPPN3_L	Line	26	16	26
3	2020-09-16T00:00:00Z	NA	283.63882820085	1.1055481578773424e-4	EPPN4_L	Line	20	15	38
3	2020-09-16T00:00:00Z	375.4811588888545	398.40234222615	1.1055481578773424e-4	EPPN4_L	Line	3	17	33
3	2020-09-16T00:00:00Z	131.3200282084856	111.576655851291	1.1055481578773424e-4	EPPN4_L	Line	20	16	36
3	2020-09-16T00:00:00Z	NA	80.0076049767046	1.1055481578773424e-4	EPPN4_L	Line	17	14	40
3	2020-09-16T00:00:00Z	345.75745495639956	329.904609817801	1.1055481578773424e-4	EPPN4_L	Line	9	18	31
3	2020-09-16T00:00:00Z	NA	297.229454367793	1.1055481578773424e-4	EPPN4_L	Line	14	18	32
3	2020-09-16T00:00:00Z	NA	119.202016850444	1.1055481578773424e-4	EPPN4_L	Line	6	14	39
3	2020-09-16T00:00:00Z	452.40653842494635	508.239089946494	1.1055481578773424e-4	EPPN4_L	Line	12	15	37
3	2020-09-16T00:00:00Z	279.9446410210958	248.558036144533	1.1055481578773424e-4	EPPN4_L	Line	1	16	35
3	2020-09-16T00:00:00Z	417.64099888528096	460.91133526095	1.1055481578773424e-4	EPPN4_L	Line	19	17	34
4	2020-09-18T00:00:00Z	977.4549087324544	1041.57680069182	4.612711278992e-5	EPPN1_H	Hybrid	24	16	46
4	2020-09-18T00:00:00Z	995.7781948632928	918.805765597595	4.612711278992e-5	EPPN1_H	Hybrid	26	18	42
4	2020-09-18T00:00:00Z	778.316121948962	784.867581339109	4.612711278992e-5	EPPN1_H	Hybrid	5	16	45
4	2020-09-18T00:00:00Z	NA	852.665782415803	4.612711278992e-5	EPPN1_H	Hybrid	19	15	48
4	2020-09-18T00:00:00Z	1153.4464506134846	1138.33372096257	4.612711278992e-5	EPPN1_H	Hybrid	11	18	41
4	2020-09-18T00:00:00Z	1044.5955102424095	1096.68484613454	4.612711278992e-5	EPPN1_H	Hybrid	8	14	49
4	2020-09-18T00:00:00Z	927.8292833283879	859.985978740073	4.612711278992e-5	EPPN1_H	Hybrid	10	17	43
4	2020-09-18T00:00:00Z	NA	1043.19745985751	4.612711278992e-5	EPPN1_H	Hybrid	14	14	50
4	2020-09-18T00:00:00Z	992.9413373640941	1013.86784821245	4.612711278992e-5	EPPN1_H	Hybrid	5	15	47
4	2020-09-18T00:00:00Z	998.8727175084946	1062.57119135554	4.612711278992e-5	EPPN1_H	Hybrid	16	17	44
4	2020-09-18T00:00:00Z	924.7363501169882	888.192584381565	4.601134796891117e-5	EPPN2_H	Hybrid	16	15	58
4	2020-09-18T00:00:00Z	1086.8891270151362	1145.73466855465	4.601134796891117e-5	EPPN2_H	Hybrid	3	15	57
4	2020-09-18T00:00:00Z	NA	841.739948086762	4.601134796891117e-5	EPPN2_H	Hybrid	2	14	59
4	2020-09-18T00:00:00Z	812.8163874678169	882.278962466448	4.601134796891117e-5	EPPN2_H	Hybrid	25	14	60
4	2020-09-18T00:00:00Z	684.9688651408292	592.619469972214	4.601134796891117e-5	EPPN2_H	Hybrid	10	18	51
4	2020-09-18T00:00:00Z	797.3334171161853	681.836475352772	4.601134796891117e-5	EPPN2_H	Hybrid	6	17	53
4	2020-09-18T00:00:00Z	648.0615931864554	704.858098425944	4.601134796891117e-5	EPPN2_H	Hybrid	20	18	52
4	2020-09-18T00:00:00Z	NA	657.997949919143	4.601134796891117e-5	EPPN2_H	Hybrid	22	17	54
4	2020-09-18T00:00:00Z	823.4035857768816	838.893935380392	4.601134796891117e-5	EPPN2_H	Hybrid	8	16	55
4	2020-09-18T00:00:00Z	749.6037664477499	742.059080746525	4.601134796891117e-5	EPPN2_H	Hybrid	22	16	56
4	2020-09-18T00:00:00Z	636.0383093983459	691.041180915473	4.609607803098638e-5	EPPN3_H	Hybrid	1	14	69
4	2020-09-18T00:00:00Z	541.2013971604263	404.20610485831	4.609607803098638e-5	EPPN3_H	Hybrid	19	14	70
4	2020-09-18T00:00:00Z	658.6724174471659	677.721916567119	4.609607803098638e-5	EPPN3_H	Hybrid	13	18	62
4	2020-09-18T00:00:00Z	541.2445998733137	540.215653033078	4.609607803098638e-5	EPPN3_H	Hybrid	23	16	66
4	2020-09-18T00:00:00Z	800.1701160788534	889.883666164531	4.609607803098638e-5	EPPN3_H	Hybrid	12	16	65
4	2020-09-18T00:00:00Z	782.5627061639065	786.044108531812	4.609607803098638e-5	EPPN3_H	Hybrid	7	17	63
4	2020-09-18T00:00:00Z	NA	453.342312355621	4.609607803098638e-5	EPPN3_H	Hybrid	1	18	61
4	2020-09-18T00:00:00Z	585.2587722714634	649.065545143261	4.609607803098638e-5	EPPN3_H	Hybrid	26	15	68
4	2020-09-18T00:00:00Z	NA	663.901243183726	4.609607803098638e-5	EPPN3_H	Hybrid	14	17	64
4	2020-09-18T00:00:00Z	803.1446865098889	820.677951710454	4.609607803098638e-5	EPPN3_H	Hybrid	14	15	67
4	2020-09-18T00:00:00Z	837.0065072969098	874.005713388312	4.599966691682193e-5	EPPN4_H	Hybrid	25	15	78
4	2020-09-18T00:00:00Z	1072.2065297972983	1144.87363468737	4.599966691682193e-5	EPPN4_H	Hybrid	17	17	74
4	2020-09-18T00:00:00Z	653.4674476860615	654.454283817579	4.599966691682193e-5	EPPN4_H	Hybrid	4	15	77
4	2020-09-18T00:00:00Z	1029.970646339109	1009.89507362959	4.599966691682193e-5	EPPN4_H	Hybrid	4	16	75
4	2020-09-18T00:00:00Z	755.4046702738356	721.269385157035	4.599966691682193e-5	EPPN4_H	Hybrid	3	18	71
4	2020-09-18T00:00:00Z	NA	910.514676123082	4.599966691682193e-5	EPPN4_H	Hybrid	22	18	72
4	2020-09-18T00:00:00Z	948.6141665612945	953.818951941322	4.599966691682193e-5	EPPN4_H	Hybrid	23	14	80
4	2020-09-18T00:00:00Z	821.2107904292229	827.220682339945	4.599966691682193e-5	EPPN4_H	Hybrid	17	16	76
4	2020-09-18T00:00:00Z	934.1670151779734	978.331656564384	4.599966691682193e-5	EPPN4_H	Hybrid	7	14	79
4	2020-09-18T00:00:00Z	671.4855350665274	543.780915403942	4.599966691682193e-5	EPPN4_H	Hybrid	1	17	73
4	2020-09-18T00:00:00Z	777.197278592695	772.004655550734	4.600147291809345e-5	EPPN1_L	Line	1	15	7
4	2020-09-18T00:00:00Z	761.343869181035	757.301352030757	4.600147291809345e-5	EPPN1_L	Line	5	17	3
4	2020-09-18T00:00:00Z	NA	1016.30447077036	4.600147291809345e-5	EPPN1_L	Line	13	14	9
4	2020-09-18T00:00:00Z	851.3706547417216	768.693853570311	4.600147291809345e-5	EPPN1_L	Line	18	14	10
4	2020-09-18T00:00:00Z	604.4984784889615	630.661767827241	4.600147291809345e-5	EPPN1_L	Line	3	16	5
4	2020-09-18T00:00:00Z	920.2299028965627	924.848965128508	4.600147291809345e-5	EPPN1_L	Line	20	17	4
4	2020-09-18T00:00:00Z	NA	761.596192716648	4.600147291809345e-5	EPPN1_L	Line	19	16	6
4	2020-09-18T00:00:00Z	690.5721862336692	721.553892530849	4.600147291809345e-5	EPPN1_L	Line	15	18	2
4	2020-09-18T00:00:00Z	776.4457850195969	741.26846949652	4.600147291809345e-5	EPPN1_L	Line	21	15	8
4	2020-09-18T00:00:00Z	NA	343.228569007308	4.600147291809345e-5	EPPN1_L	Line	6	18	1
4	2020-09-18T00:00:00Z	NA	554.004401496637	4.559130802659507e-5	EPPN2_L	Line	13	15	17
4	2020-09-18T00:00:00Z	NA	331.786302151541	4.559130802659507e-5	EPPN2_L	Line	21	16	16
4	2020-09-18T00:00:00Z	NA	206.654700926063	4.559130802659507e-5	EPPN2_L	Line	16	14	20
4	2020-09-18T00:00:00Z	NA	440.447461647412	4.559130802659507e-5	EPPN2_L	Line	10	14	19
4	2020-09-18T00:00:00Z	NA	418.995793455484	4.559130802659507e-5	EPPN2_L	Line	11	16	15
4	2020-09-18T00:00:00Z	NA	325.395684375377	4.559130802659507e-5	EPPN2_L	Line	25	17	14
4	2020-09-18T00:00:00Z	NA	361.837980365787	4.559130802659507e-5	EPPN2_L	Line	2	17	13
4	2020-09-18T00:00:00Z	NA	679.391402080786	4.559130802659507e-5	EPPN2_L	Line	5	18	11
4	2020-09-18T00:00:00Z	NA	393.012664583602	4.559130802659507e-5	EPPN2_L	Line	23	18	12
4	2020-09-18T00:00:00Z	NA	339.778799728784	4.559130802659507e-5	EPPN2_L	Line	15	15	18
4	2020-09-18T00:00:00Z	317.34272567302827	420.487813973604	4.581353154407232e-5	EPPN20_T	Line	24	14	90
4	2020-09-18T00:00:00Z	210.9348464350483	239.127039238304	4.581353154407232e-5	EPPN20_T	Line	9	14	89
4	2020-09-18T00:00:00Z	294.7044327324267	283.082020040218	4.581353154407232e-5	EPPN20_T	Line	18	15	88
4	2020-09-18T00:00:00Z	187.23218266155882	141.410493436082	4.581353154407232e-5	EPPN20_T	Line	10	16	85
4	2020-09-18T00:00:00Z	NA	439.585488811897	4.581353154407232e-5	EPPN20_T	Line	24	17	84
4	2020-09-18T00:00:00Z	237.96728966509397	266.646320135136	4.581353154407232e-5	EPPN20_T	Line	13	17	83
4	2020-09-18T00:00:00Z	147.87799756090658	183.684721105564	4.581353154407232e-5	EPPN20_T	Line	13	16	86
4	2020-09-18T00:00:00Z	180.52749927048666	211.818087225083	4.581353154407232e-5	EPPN20_T	Line	7	15	87
4	2020-09-18T00:00:00Z	88.38110579583693	213.22466163423601	4.581353154407232e-5	EPPN20_T	Line	19	18	82
4	2020-09-18T00:00:00Z	322.90197111363835	375.68212795494	4.581353154407232e-5	EPPN20_T	Line	12	18	81
4	2020-09-18T00:00:00Z	707.511629140186	620.571615223264	4.5798270603035325e-5	EPPN3_L	Line	15	14	30
4	2020-09-18T00:00:00Z	826.2531343928829	722.741687342317	4.5798270603035325e-5	EPPN3_L	Line	2	18	21
4	2020-09-18T00:00:00Z	775.8147530735415	784.741759596234	4.5798270603035325e-5	EPPN3_L	Line	11	17	23
4	2020-09-18T00:00:00Z	NA	772.410289826271	4.5798270603035325e-5	EPPN3_L	Line	5	14	29
4	2020-09-18T00:00:00Z	724.2344551700634	708.350121274835	4.5798270603035325e-5	EPPN3_L	Line	9	16	25
4	2020-09-18T00:00:00Z	843.8739866081081	822.39062976272	4.5798270603035325e-5	EPPN3_L	Line	22	15	28
4	2020-09-18T00:00:00Z	762.5581128586829	770.194324802505	4.5798270603035325e-5	EPPN3_L	Line	9	15	27
4	2020-09-18T00:00:00Z	1024.9376090657756	1222.63334972047	4.5798270603035325e-5	EPPN3_L	Line	18	18	22
4	2020-09-18T00:00:00Z	601.7905541075464	730.149207712015	4.5798270603035325e-5	EPPN3_L	Line	18	17	24
4	2020-09-18T00:00:00Z	820.4141844613999	835.611302446881	4.5798270603035325e-5	EPPN3_L	Line	26	16	26
4	2020-09-18T00:00:00Z	NA	269.396558082004	4.5980053745457016e-5	EPPN4_L	Line	20	15	38
4	2020-09-18T00:00:00Z	584.6825971650479	581.932133573697	4.5980053745457016e-5	EPPN4_L	Line	3	17	33
4	2020-09-18T00:00:00Z	185.65233642631242	135.626449136761	4.5980053745457016e-5	EPPN4_L	Line	20	16	36
4	2020-09-18T00:00:00Z	NA	124.778549170844	4.5980053745457016e-5	EPPN4_L	Line	17	14	40
4	2020-09-18T00:00:00Z	478.75497285310564	420.841804996469	4.5980053745457016e-5	EPPN4_L	Line	9	18	31
4	2020-09-18T00:00:00Z	NA	426.544159059744	4.5980053745457016e-5	EPPN4_L	Line	14	18	32
4	2020-09-18T00:00:00Z	NA	177.520394672927	4.5980053745457016e-5	EPPN4_L	Line	6	14	39
4	2020-09-18T00:00:00Z	659.0971551604498	769.699488545079	4.5980053745457016e-5	EPPN4_L	Line	12	15	37
4	2020-09-18T00:00:00Z	436.83992427384106	368.507471706383	4.5980053745457016e-5	EPPN4_L	Line	1	16	35
4	2020-09-18T00:00:00Z	674.9790259286544	735.07691298520194	4.5980053745457016e-5	EPPN4_L	Line	19	17	34
5	2020-09-21T00:00:00Z	1454.3519973524	1457.02611114105	2.1142807696542002e-5	EPPN1_H	Hybrid	24	16	46
5	2020-09-21T00:00:00Z	1722.017408112074	1808.42652065761	2.1142807696542002e-5	EPPN1_H	Hybrid	26	18	42
5	2020-09-21T00:00:00Z	1550.1288299769967	1564.53140074529	2.1142807696542002e-5	EPPN1_H	Hybrid	5	16	45
5	2020-09-21T00:00:00Z	NA	1293.08695295276	2.1142807696542002e-5	EPPN1_H	Hybrid	19	15	48
5	2020-09-21T00:00:00Z	1892.5995065119398	1936.13840658025	2.1142807696542002e-5	EPPN1_H	Hybrid	11	18	41
5	2020-09-21T00:00:00Z	1770.9479026432343	1834.73547150545	2.1142807696542002e-5	EPPN1_H	Hybrid	8	14	49
5	2020-09-21T00:00:00Z	1599.6822917645904	1613.5633827690301	2.1142807696542002e-5	EPPN1_H	Hybrid	10	17	43
5	2020-09-21T00:00:00Z	NA	1687.2986799666	2.1142807696542002e-5	EPPN1_H	Hybrid	14	14	50
5	2020-09-21T00:00:00Z	1473.598499625387	1533.51915803134	2.1142807696542002e-5	EPPN1_H	Hybrid	5	15	47
5	2020-09-21T00:00:00Z	1649.6405160330762	1728.78511329077	2.1142807696542002e-5	EPPN1_H	Hybrid	16	17	44
5	2020-09-21T00:00:00Z	1280.6925400409289	1232.47655367985	2.111234120861338e-5	EPPN2_H	Hybrid	16	15	58
5	2020-09-21T00:00:00Z	1657.7695760505596	1710.49870700355	2.111234120861338e-5	EPPN2_H	Hybrid	3	15	57
5	2020-09-21T00:00:00Z	NA	1413.50587262982	2.111234120861338e-5	EPPN2_H	Hybrid	2	14	59
5	2020-09-21T00:00:00Z	1405.5190842434906	1369.56497635136	2.111234120861338e-5	EPPN2_H	Hybrid	25	14	60
5	2020-09-21T00:00:00Z	1084.838322031253	1055.01437503721	2.111234120861338e-5	EPPN2_H	Hybrid	10	18	51
5	2020-09-21T00:00:00Z	1189.1164913897571	1095.63132378002	2.111234120861338e-5	EPPN2_H	Hybrid	6	17	53
5	2020-09-21T00:00:00Z	1168.0722689205243	1240.81177466119	2.111234120861338e-5	EPPN2_H	Hybrid	20	18	52
5	2020-09-21T00:00:00Z	NA	1063.34865705032	2.111234120861338e-5	EPPN2_H	Hybrid	22	17	54
5	2020-09-21T00:00:00Z	1295.470292681276	1329.97901472554	2.111234120861338e-5	EPPN2_H	Hybrid	8	16	55
5	2020-09-21T00:00:00Z	1241.1719424233818	1172.71873756015	2.111234120861338e-5	EPPN2_H	Hybrid	22	16	56
5	2020-09-21T00:00:00Z	1157.2354846526737	1231.85495671132	2.1104549017432235e-5	EPPN3_H	Hybrid	1	14	69
5	2020-09-21T00:00:00Z	881.3234261481333	759.242199363012	2.1104549017432235e-5	EPPN3_H	Hybrid	19	14	70
5	2020-09-21T00:00:00Z	1149.760471518111	1215.50939775636	2.1104549017432235e-5	EPPN3_H	Hybrid	13	18	62
5	2020-09-21T00:00:00Z	1048.7503955959937	1001.76924256363	2.1104549017432235e-5	EPPN3_H	Hybrid	23	16	66
5	2020-09-21T00:00:00Z	1403.7680423656714	1515.55481784715	2.1104549017432235e-5	EPPN3_H	Hybrid	12	16	65
5	2020-09-21T00:00:00Z	1413.1174581270654	1434.40824440696	2.1104549017432235e-5	EPPN3_H	Hybrid	7	17	63
5	2020-09-21T00:00:00Z	NA	680.951967279726	2.1104549017432235e-5	EPPN3_H	Hybrid	1	18	61
5	2020-09-21T00:00:00Z	1292.9092588369947	1304.90668503715	2.1104549017432235e-5	EPPN3_H	Hybrid	26	15	68
5	2020-09-21T00:00:00Z	NA	1354.39970046202	2.1104549017432235e-5	EPPN3_H	Hybrid	14	17	64
5	2020-09-21T00:00:00Z	1433.4986682201138	1475.18763465363	2.1104549017432235e-5	EPPN3_H	Hybrid	14	15	67
5	2020-09-21T00:00:00Z	1324.9243018071902	1287.57427047203	2.109268066063848e-5	EPPN4_H	Hybrid	25	15	78
5	2020-09-21T00:00:00Z	1588.3721682948208	1648.26670959672	2.109268066063848e-5	EPPN4_H	Hybrid	17	17	74
5	2020-09-21T00:00:00Z	1195.4953006712844	1208.91596284242	2.109268066063848e-5	EPPN4_H	Hybrid	4	15	77
5	2020-09-21T00:00:00Z	1542.1174049158356	1498.40456311872	2.109268066063848e-5	EPPN4_H	Hybrid	4	16	75
5	2020-09-21T00:00:00Z	1321.8452417904502	1169.54690287783	2.109268066063848e-5	EPPN4_H	Hybrid	3	18	71
5	2020-09-21T00:00:00Z	NA	1522.71538957225	2.109268066063848e-5	EPPN4_H	Hybrid	22	18	72
5	2020-09-21T00:00:00Z	1607.4014562809568	1545.46377289037	2.109268066063848e-5	EPPN4_H	Hybrid	23	14	80
5	2020-09-21T00:00:00Z	1336.4268872014636	1303.39306824974	2.109268066063848e-5	EPPN4_H	Hybrid	17	16	76
5	2020-09-21T00:00:00Z	1635.2165756197678	1711.92312180908	2.109268066063848e-5	EPPN4_H	Hybrid	7	14	79
5	2020-09-21T00:00:00Z	1185.4052519210127	1000.58708156154	2.109268066063848e-5	EPPN4_H	Hybrid	1	17	73
5	2020-09-21T00:00:00Z	1005.592904975835	994.318529655331	2.1027609094037953e-5	EPPN1_L	Line	1	15	7
5	2020-09-21T00:00:00Z	1294.0146878073076	1291.16112911219	2.1027609094037953e-5	EPPN1_L	Line	5	17	3
5	2020-09-21T00:00:00Z	NA	1548.90227455013	2.1027609094037953e-5	EPPN1_L	Line	13	14	9
5	2020-09-21T00:00:00Z	1349.7355353364371	1279.2456222683	2.1027609094037953e-5	EPPN1_L	Line	18	14	10
5	2020-09-21T00:00:00Z	755.2768796910369	737.260953089134	2.1027609094037953e-5	EPPN1_L	Line	3	16	5
5	2020-09-21T00:00:00Z	1110.2163487975863	1106.85293310164	2.1027609094037953e-5	EPPN1_L	Line	20	17	4
5	2020-09-21T00:00:00Z	NA	1226.67466898415	2.1027609094037953e-5	EPPN1_L	Line	19	16	6
5	2020-09-21T00:00:00Z	1161.3934161189993	1236.7732723022	2.1027609094037953e-5	EPPN1_L	Line	15	18	2
5	2020-09-21T00:00:00Z	1121.7218321599144	1037.76177277167	2.1027609094037953e-5	EPPN1_L	Line	21	15	8
5	2020-09-21T00:00:00Z	NA	715.191443801597	2.1027609094037953e-5	EPPN1_L	Line	6	18	1
5	2020-09-21T00:00:00Z	NA	694.544471383129	2.091598739894425e-5	EPPN2_L	Line	13	15	17
5	2020-09-21T00:00:00Z	NA	559.849478730934	2.091598739894425e-5	EPPN2_L	Line	21	16	16
5	2020-09-21T00:00:00Z	NA	379.163822153297	2.091598739894425e-5	EPPN2_L	Line	16	14	20
5	2020-09-21T00:00:00Z	NA	724.855304828968	2.091598739894425e-5	EPPN2_L	Line	10	14	19
5	2020-09-21T00:00:00Z	NA	628.131248446289	2.091598739894425e-5	EPPN2_L	Line	11	16	15
5	2020-09-21T00:00:00Z	NA	498.388374241271	2.091598739894425e-5	EPPN2_L	Line	25	17	14
5	2020-09-21T00:00:00Z	NA	604.844836332141	2.091598739894425e-5	EPPN2_L	Line	2	17	13
5	2020-09-21T00:00:00Z	NA	942.307201436506	2.091598739894425e-5	EPPN2_L	Line	5	18	11
5	2020-09-21T00:00:00Z	NA	648.891836020635	2.091598739894425e-5	EPPN2_L	Line	23	18	12
5	2020-09-21T00:00:00Z	NA	494.192125219572	2.091598739894425e-5	EPPN2_L	Line	15	15	18
5	2020-09-21T00:00:00Z	533.4438951688487	529.842870991748	2.096247118102608e-5	EPPN20_T	Line	24	14	90
5	2020-09-21T00:00:00Z	275.73623705459926	294.605038163799	2.096247118102608e-5	EPPN20_T	Line	9	14	89
5	2020-09-21T00:00:00Z	458.3160890561621	429.325382958216	2.096247118102608e-5	EPPN20_T	Line	18	15	88
5	2020-09-21T00:00:00Z	273.6698992613045	284.572162621877	2.096247118102608e-5	EPPN20_T	Line	10	16	85
5	2020-09-21T00:00:00Z	NA	715.26937816472	2.096247118102608e-5	EPPN20_T	Line	24	17	84
5	2020-09-21T00:00:00Z	355.59080181218593	437.060603240326	2.096247118102608e-5	EPPN20_T	Line	13	17	83
5	2020-09-21T00:00:00Z	141.33938984682084	196.063139287048	2.096247118102608e-5	EPPN20_T	Line	13	16	86
5	2020-09-21T00:00:00Z	221.44368132647543	279.066052918758	2.096247118102608e-5	EPPN20_T	Line	7	15	87
5	2020-09-21T00:00:00Z	226.65892077651165	367.390099512196	2.096247118102608e-5	EPPN20_T	Line	19	18	82
5	2020-09-21T00:00:00Z	487.2217703440645	586.773453769686	2.096247118102608e-5	EPPN20_T	Line	12	18	81
5	2020-09-21T00:00:00Z	1004.5597102758802	917.322195793548	2.096458456349693e-5	EPPN3_L	Line	15	14	30
5	2020-09-21T00:00:00Z	1178.4362854501678	983.863118409725	2.096458456349693e-5	EPPN3_L	Line	2	18	21
5	2020-09-21T00:00:00Z	1171.0019730443419	1251.46530820342	2.096458456349693e-5	EPPN3_L	Line	11	17	23
5	2020-09-21T00:00:00Z	NA	1202.15163571056	2.096458456349693e-5	EPPN3_L	Line	5	14	29
5	2020-09-21T00:00:00Z	1273.7054122932132	1282.47097813976	2.096458456349693e-5	EPPN3_L	Line	9	16	25
5	2020-09-21T00:00:00Z	1194.0578374110596	1103.04917280025	2.096458456349693e-5	EPPN3_L	Line	22	15	28
5	2020-09-21T00:00:00Z	1093.0664778313765	1118.88017716495	2.096458456349693e-5	EPPN3_L	Line	9	15	27
5	2020-09-21T00:00:00Z	1325.9434179791242	1516.09002973848	2.096458456349693e-5	EPPN3_L	Line	18	18	22
5	2020-09-21T00:00:00Z	1036.7651483039824	1169.65488422433	2.096458456349693e-5	EPPN3_L	Line	18	17	24
5	2020-09-21T00:00:00Z	1110.2267323390342	1121.21820805867	2.096458456349693e-5	EPPN3_L	Line	26	16	26
5	2020-09-21T00:00:00Z	NA	421.710350609597	2.1011799501583653e-5	EPPN4_L	Line	20	15	38
5	2020-09-21T00:00:00Z	966.4420212716312	904.740021506065	2.1011799501583653e-5	EPPN4_L	Line	3	17	33
5	2020-09-21T00:00:00Z	364.3381344549737	255.530814223552	2.1011799501583653e-5	EPPN4_L	Line	20	16	36
5	2020-09-21T00:00:00Z	NA	190.26219355958	2.1011799501583653e-5	EPPN4_L	Line	17	14	40
5	2020-09-21T00:00:00Z	574.8245071238225	533.845692557982	2.1011799501583653e-5	EPPN4_L	Line	9	18	31
5	2020-09-21T00:00:00Z	NA	714.69379063948	2.1011799501583653e-5	EPPN4_L	Line	14	18	32
5	2020-09-21T00:00:00Z	NA	462.833403228597	2.1011799501583653e-5	EPPN4_L	Line	6	14	39
5	2020-09-21T00:00:00Z	974.7502349390882	1084.08952629183	2.1011799501583653e-5	EPPN4_L	Line	12	15	37
5	2020-09-21T00:00:00Z	843.5996408853927	733.94733420402	2.1011799501583653e-5	EPPN4_L	Line	1	16	35
5	2020-09-21T00:00:00Z	1219.4683149317195	1291.91887647414	2.1011799501583653e-5	EPPN4_L	Line	19	17	34
6	2020-09-23T00:00:00Z	1888.6466581460238	1848.42187243189	1.3080718729356341e-5	EPPN1_H	Hybrid	24	16	46
6	2020-09-23T00:00:00Z	2188.569181238181	2373.47976132147	1.3080718729356341e-5	EPPN1_H	Hybrid	26	18	42
6	2020-09-23T00:00:00Z	2038.2234108380906	2083.15454035188	1.3080718729356341e-5	EPPN1_H	Hybrid	5	16	45
6	2020-09-23T00:00:00Z	NA	1644.54370056315	1.3080718729356341e-5	EPPN1_H	Hybrid	19	15	48
6	2020-09-23T00:00:00Z	2159.199913594036	2173.07671087347	1.3080718729356341e-5	EPPN1_H	Hybrid	11	18	41
6	2020-09-23T00:00:00Z	1968.7779312602324	2031.11785999083	1.3080718729356341e-5	EPPN1_H	Hybrid	8	14	49
6	2020-09-23T00:00:00Z	1789.0184375887172	1835.77303140005	1.3080718729356341e-5	EPPN1_H	Hybrid	10	17	43
6	2020-09-23T00:00:00Z	NA	2437.11457726453	1.3080718729356341e-5	EPPN1_H	Hybrid	14	14	50
6	2020-09-23T00:00:00Z	1965.7843866172573	2121.75364636754	1.3080718729356341e-5	EPPN1_H	Hybrid	5	15	47
6	2020-09-23T00:00:00Z	2367.5491881474754	2495.80760341095	1.3080718729356341e-5	EPPN1_H	Hybrid	16	17	44
6	2020-09-23T00:00:00Z	1569.5561500496135	1544.17926435117	1.3069807659482559e-5	EPPN2_H	Hybrid	16	15	58
6	2020-09-23T00:00:00Z	2066.607567191424	2191.91710841663	1.3069807659482559e-5	EPPN2_H	Hybrid	3	15	57
6	2020-09-23T00:00:00Z	NA	1708.66677998602	1.3069807659482559e-5	EPPN2_H	Hybrid	2	14	59
6	2020-09-23T00:00:00Z	1750.4142669630712	1583.03001385258	1.3069807659482559e-5	EPPN2_H	Hybrid	25	14	60
6	2020-09-23T00:00:00Z	1561.1865693724542	1495.56324525351	1.3069807659482559e-5	EPPN2_H	Hybrid	10	18	51
6	2020-09-23T00:00:00Z	1528.5020692585178	1477.22707365008	1.3069807659482559e-5	EPPN2_H	Hybrid	6	17	53
6	2020-09-23T00:00:00Z	1489.722584029988	1549.30696985744	1.3069807659482559e-5	EPPN2_H	Hybrid	20	18	52
6	2020-09-23T00:00:00Z	NA	1521.94449665508	1.3069807659482559e-5	EPPN2_H	Hybrid	22	17	54
6	2020-09-23T00:00:00Z	1725.4353895901195	1708.0207698435	1.3069807659482559e-5	EPPN2_H	Hybrid	8	16	55
6	2020-09-23T00:00:00Z	1546.7436391860138	1424.3988430708	1.3069807659482559e-5	EPPN2_H	Hybrid	22	16	56
6	2020-09-23T00:00:00Z	1785.1833040279	1912.49143066563	1.3055296463211339e-5	EPPN3_H	Hybrid	1	14	69
6	2020-09-23T00:00:00Z	1234.4683886372086	1089.72709154721	1.3055296463211339e-5	EPPN3_H	Hybrid	19	14	70
6	2020-09-23T00:00:00Z	1736.4538846753267	1785.75419376615	1.3055296463211339e-5	EPPN3_H	Hybrid	13	18	62
6	2020-09-23T00:00:00Z	1515.5017945328216	1423.28992159068	1.3055296463211339e-5	EPPN3_H	Hybrid	23	16	66
6	2020-09-23T00:00:00Z	1970.108082961195	2037.49533221177	1.3055296463211339e-5	EPPN3_H	Hybrid	12	16	65
6	2020-09-23T00:00:00Z	1991.1933315806766	2066.02306498806	1.3055296463211339e-5	EPPN3_H	Hybrid	7	17	63
6	2020-09-23T00:00:00Z	NA	857.869544348731	1.3055296463211339e-5	EPPN3_H	Hybrid	1	18	61
6	2020-09-23T00:00:00Z	1719.8248626677648	1638.16528937398	1.3055296463211339e-5	EPPN3_H	Hybrid	26	15	68
6	2020-09-23T00:00:00Z	NA	1893.60784058387	1.3055296463211339e-5	EPPN3_H	Hybrid	14	17	64
6	2020-09-23T00:00:00Z	2052.3637049100157	2116.85035426834	1.3055296463211339e-5	EPPN3_H	Hybrid	14	15	67
6	2020-09-23T00:00:00Z	1827.6135541439448	1709.51279036162	1.3056689769005915e-5	EPPN4_H	Hybrid	25	15	78
6	2020-09-23T00:00:00Z	2054.1597721378657	2123.7348693337	1.3056689769005915e-5	EPPN4_H	Hybrid	17	17	74
6	2020-09-23T00:00:00Z	1718.1052085313027	1813.94014210657	1.3056689769005915e-5	EPPN4_H	Hybrid	4	15	77
6	2020-09-23T00:00:00Z	1952.8982296295549	1926.52712777379	1.3056689769005915e-5	EPPN4_H	Hybrid	4	16	75
6	2020-09-23T00:00:00Z	1827.351027466556	1611.16244100387	1.3056689769005915e-5	EPPN4_H	Hybrid	3	18	71
6	2020-09-23T00:00:00Z	NA	1842.33172448946	1.3056689769005915e-5	EPPN4_H	Hybrid	22	18	72
6	2020-09-23T00:00:00Z	2129.5521518709074	1979.57601588721	1.3056689769005915e-5	EPPN4_H	Hybrid	23	14	80
6	2020-09-23T00:00:00Z	1717.467324984023	1609.6535190576	1.3056689769005915e-5	EPPN4_H	Hybrid	17	16	76
6	2020-09-23T00:00:00Z	2127.122286661081	2233.54344800713	1.3056689769005915e-5	EPPN4_H	Hybrid	7	14	79
6	2020-09-23T00:00:00Z	1571.5558153675083	1459.41578528744	1.3056689769005915e-5	EPPN4_H	Hybrid	1	17	73
6	2020-09-23T00:00:00Z	1306.8516555215153	1375.16592184575	1.2962727064616677e-5	EPPN1_L	Line	1	15	7
6	2020-09-23T00:00:00Z	1713.3567522611313	1796.28378350196	1.2962727064616677e-5	EPPN1_L	Line	5	17	3
6	2020-09-23T00:00:00Z	NA	1893.07168972431	1.2962727064616677e-5	EPPN1_L	Line	13	14	9
6	2020-09-23T00:00:00Z	1583.70352875697	1494.56793892927	1.2962727064616677e-5	EPPN1_L	Line	18	14	10
6	2020-09-23T00:00:00Z	879.0737486055912	870.423549589302	1.2962727064616677e-5	EPPN1_L	Line	3	16	5
6	2020-09-23T00:00:00Z	1436.5244032052474	1495.31254073599	1.2962727064616677e-5	EPPN1_L	Line	20	17	4
6	2020-09-23T00:00:00Z	NA	1460.88996540919	1.2962727064616677e-5	EPPN1_L	Line	19	16	6
6	2020-09-23T00:00:00Z	1573.8013649096592	1627.54743662451	1.2962727064616677e-5	EPPN1_L	Line	15	18	2
6	2020-09-23T00:00:00Z	1331.716555195511	1239.22961319295	1.2962727064616677e-5	EPPN1_L	Line	21	15	8
6	2020-09-23T00:00:00Z	NA	924.083706020725	1.2962727064616677e-5	EPPN1_L	Line	6	18	1
6	2020-09-23T00:00:00Z	NA	824.690162958992	1.2903911353782393e-5	EPPN2_L	Line	13	15	17
6	2020-09-23T00:00:00Z	NA	664.677769910274	1.2903911353782393e-5	EPPN2_L	Line	21	16	16
6	2020-09-23T00:00:00Z	NA	486.373336764955	1.2903911353782393e-5	EPPN2_L	Line	16	14	20
6	2020-09-23T00:00:00Z	NA	862.539033358556	1.2903911353782393e-5	EPPN2_L	Line	10	14	19
6	2020-09-23T00:00:00Z	NA	852.043246479042	1.2903911353782393e-5	EPPN2_L	Line	11	16	15
6	2020-09-23T00:00:00Z	NA	681.338822190655	1.2903911353782393e-5	EPPN2_L	Line	25	17	14
6	2020-09-23T00:00:00Z	NA	702.606452609422	1.2903911353782393e-5	EPPN2_L	Line	2	17	13
6	2020-09-23T00:00:00Z	NA	1083.78436161695	1.2903911353782393e-5	EPPN2_L	Line	5	18	11
6	2020-09-23T00:00:00Z	NA	782.261944499724	1.2903911353782393e-5	EPPN2_L	Line	23	18	12
6	2020-09-23T00:00:00Z	NA	630.347213470054	1.2903911353782393e-5	EPPN2_L	Line	15	15	18
6	2020-09-23T00:00:00Z	759.2759208248252	661.920020217563	1.2912209274057277e-5	EPPN20_T	Line	24	14	90
6	2020-09-23T00:00:00Z	415.82391779850616	443.229624514115	1.2912209274057277e-5	EPPN20_T	Line	9	14	89
6	2020-09-23T00:00:00Z	556.1098701116307	521.698260561179	1.2912209274057277e-5	EPPN20_T	Line	18	15	88
6	2020-09-23T00:00:00Z	455.8976292176954	401.575115876703	1.2912209274057277e-5	EPPN20_T	Line	10	16	85
6	2020-09-23T00:00:00Z	NA	990.680966730726	1.2912209274057277e-5	EPPN20_T	Line	24	17	84
6	2020-09-23T00:00:00Z	394.68606028282557	516.42407601097	1.2912209274057277e-5	EPPN20_T	Line	13	17	83
6	2020-09-23T00:00:00Z	251.79521359330968	237.602154832119	1.2912209274057277e-5	EPPN20_T	Line	13	16	86
6	2020-09-23T00:00:00Z	229.84162695481257	330.769399558008	1.2912209274057277e-5	EPPN20_T	Line	7	15	87
6	2020-09-23T00:00:00Z	339.2925406877456	435.211774794651	1.2912209274057277e-5	EPPN20_T	Line	19	18	82
6	2020-09-23T00:00:00Z	660.4115380727854	766.608405130572	1.2912209274057277e-5	EPPN20_T	Line	12	18	81
6	2020-09-23T00:00:00Z	1262.6198492911808	1182.54222318669	1.2920183994608246e-5	EPPN3_L	Line	15	14	30
6	2020-09-23T00:00:00Z	1651.7258667263898	1393.2185250436	1.2920183994608246e-5	EPPN3_L	Line	2	18	21
6	2020-09-23T00:00:00Z	1435.294947251058	1548.10884639543	1.2920183994608246e-5	EPPN3_L	Line	11	17	23
6	2020-09-23T00:00:00Z	NA	1504.45621336371	1.2920183994608246e-5	EPPN3_L	Line	5	14	29
6	2020-09-23T00:00:00Z	1599.3541906169637	1562.68632817254	1.2920183994608246e-5	EPPN3_L	Line	9	16	25
6	2020-09-23T00:00:00Z	1518.8028030849125	1391.85232626835	1.2920183994608246e-5	EPPN3_L	Line	22	15	28
6	2020-09-23T00:00:00Z	1445.246502487579	1480.79796983032	1.2920183994608246e-5	EPPN3_L	Line	9	15	27
6	2020-09-23T00:00:00Z	1550.5877386356656	1682.64515341669	1.2920183994608246e-5	EPPN3_L	Line	18	18	22
6	2020-09-23T00:00:00Z	1306.8905623271455	1453.64488654335	1.2920183994608246e-5	EPPN3_L	Line	18	17	24
6	2020-09-23T00:00:00Z	1490.8022454029692	1417.47019649861	1.2920183994608246e-5	EPPN3_L	Line	26	16	26
6	2020-09-23T00:00:00Z	NA	742.539832480494	1.2945903394819234e-5	EPPN4_L	Line	20	15	38
6	2020-09-23T00:00:00Z	1192.5534500903238	1192.79481729453	1.2945903394819234e-5	EPPN4_L	Line	3	17	33
6	2020-09-23T00:00:00Z	494.3309087280898	355.822949881786	1.2945903394819234e-5	EPPN4_L	Line	20	16	36
6	2020-09-23T00:00:00Z	NA	220.449083199004	1.2945903394819234e-5	EPPN4_L	Line	17	14	40
6	2020-09-23T00:00:00Z	711.928348328187	638.466471758402	1.2945903394819234e-5	EPPN4_L	Line	9	18	31
6	2020-09-23T00:00:00Z	NA	916.094964316404	1.2945903394819234e-5	EPPN4_L	Line	14	18	32
6	2020-09-23T00:00:00Z	NA	609.15751741441	1.2945903394819234e-5	EPPN4_L	Line	6	14	39
6	2020-09-23T00:00:00Z	1336.9020252533596	1450.52375614547	1.2945903394819234e-5	EPPN4_L	Line	12	15	37
6	2020-09-23T00:00:00Z	1163.8799106905926	1073.63317607799	1.2945903394819234e-5	EPPN4_L	Line	1	16	35
6	2020-09-23T00:00:00Z	1490.8516594061975	1593.18213835977	1.2945903394819234e-5	EPPN4_L	Line	19	17	34
7	2020-09-25T00:00:00Z	2018.8044407507505	1922.67266318796	8.959081096507476e-6	EPPN1_H	Hybrid	24	16	46
7	2020-09-25T00:00:00Z	2510.301072843567	2665.32329391964	8.959081096507476e-6	EPPN1_H	Hybrid	26	18	42
7	2020-09-25T00:00:00Z	2325.9375234499357	2411.66008750637	8.959081096507476e-6	EPPN1_H	Hybrid	5	16	45
7	2020-09-25T00:00:00Z	NA	1878.92613333319	8.959081096507476e-6	EPPN1_H	Hybrid	19	15	48
7	2020-09-25T00:00:00Z	2611.9759800640977	2675.69795389743	8.959081096507476e-6	EPPN1_H	Hybrid	11	18	41
7	2020-09-25T00:00:00Z	2321.058201063882	2366.91073958153	8.959081096507476e-6	EPPN1_H	Hybrid	8	14	49
7	2020-09-25T00:00:00Z	2095.085050516604	2179.7903337209	8.959081096507476e-6	EPPN1_H	Hybrid	10	17	43
7	2020-09-25T00:00:00Z	NA	2911.49728972716	8.959081096507476e-6	EPPN1_H	Hybrid	14	14	50
7	2020-09-25T00:00:00Z	2472.9363135827343	2689.68200775291	8.959081096507476e-6	EPPN1_H	Hybrid	5	15	47
7	2020-09-25T00:00:00Z	2928.0775800910174	3134.27970897873	8.959081096507476e-6	EPPN1_H	Hybrid	16	17	44
7	2020-09-25T00:00:00Z	1811.5214777202373	1762.36918998781	8.947923678235065e-6	EPPN2_H	Hybrid	16	15	58
7	2020-09-25T00:00:00Z	2291.9156777462777	2483.70430292098	8.947923678235065e-6	EPPN2_H	Hybrid	3	15	57
7	2020-09-25T00:00:00Z	NA	2126.56210267546	8.947923678235065e-6	EPPN2_H	Hybrid	2	14	59
7	2020-09-25T00:00:00Z	1975.0916613445331	1798.23214258006	8.947923678235065e-6	EPPN2_H	Hybrid	25	14	60
7	2020-09-25T00:00:00Z	1765.7758549578296	1698.47427984493	8.947923678235065e-6	EPPN2_H	Hybrid	10	18	51
7	2020-09-25T00:00:00Z	1787.825761007381	1770.90628913869	8.947923678235065e-6	EPPN2_H	Hybrid	6	17	53
7	2020-09-25T00:00:00Z	1813.4076543381316	1906.21348907711	8.947923678235065e-6	EPPN2_H	Hybrid	20	18	52
7	2020-09-25T00:00:00Z	NA	1788.07438426349	8.947923678235065e-6	EPPN2_H	Hybrid	22	17	54
7	2020-09-25T00:00:00Z	1967.7450185746497	1945.06893341968	8.947923678235065e-6	EPPN2_H	Hybrid	8	16	55
7	2020-09-25T00:00:00Z	1834.550361590506	1640.77937692744	8.947923678235065e-6	EPPN2_H	Hybrid	22	16	56
7	2020-09-25T00:00:00Z	1950.5924931167046	2155.856972496	8.936182339772046e-6	EPPN3_H	Hybrid	1	14	69
7	2020-09-25T00:00:00Z	1421.8951456401207	1189.92157450948	8.936182339772046e-6	EPPN3_H	Hybrid	19	14	70
7	2020-09-25T00:00:00Z	2162.307641755489	2236.35284095252	8.936182339772046e-6	EPPN3_H	Hybrid	13	18	62
7	2020-09-25T00:00:00Z	1868.2744871949562	1712.99166765528	8.936182339772046e-6	EPPN3_H	Hybrid	23	16	66
7	2020-09-25T00:00:00Z	2437.9618629454862	2533.31093350172	8.936182339772046e-6	EPPN3_H	Hybrid	12	16	65
7	2020-09-25T00:00:00Z	2407.0625579233497	2544.29404489282	8.936182339772046e-6	EPPN3_H	Hybrid	7	17	63
7	2020-09-25T00:00:00Z	NA	962.982342901886	8.936182339772046e-6	EPPN3_H	Hybrid	1	18	61
7	2020-09-25T00:00:00Z	2120.4659470974048	2022.59202845872	8.936182339772046e-6	EPPN3_H	Hybrid	26	15	68
7	2020-09-25T00:00:00Z	NA	2407.55491840302	8.936182339772046e-6	EPPN3_H	Hybrid	14	17	64
7	2020-09-25T00:00:00Z	2216.4099779251464	2264.30216929888	8.936182339772046e-6	EPPN3_H	Hybrid	14	15	67
7	2020-09-25T00:00:00Z	2265.56275183607	2094.1939898368	8.941854635526593e-6	EPPN4_H	Hybrid	25	15	78
7	2020-09-25T00:00:00Z	2447.3085419404006	2522.76444233777	8.941854635526593e-6	EPPN4_H	Hybrid	17	17	74
7	2020-09-25T00:00:00Z	2170.5114018076697	2345.45813242137	8.941854635526593e-6	EPPN4_H	Hybrid	4	15	77
7	2020-09-25T00:00:00Z	2521.2048101837454	2549.09311151844	8.941854635526593e-6	EPPN4_H	Hybrid	4	16	75
7	2020-09-25T00:00:00Z	2436.288553194803	2183.89644179248	8.941854635526593e-6	EPPN4_H	Hybrid	3	18	71
7	2020-09-25T00:00:00Z	NA	2269.2064003663	8.941854635526593e-6	EPPN4_H	Hybrid	22	18	72
7	2020-09-25T00:00:00Z	2523.343083563593	2356.1088490589	8.941854635526593e-6	EPPN4_H	Hybrid	23	14	80
7	2020-09-25T00:00:00Z	1998.9956657110247	1804.70632852873	8.941854635526593e-6	EPPN4_H	Hybrid	17	16	76
7	2020-09-25T00:00:00Z	2596.4164210020585	2712.13179917377	8.941854635526593e-6	EPPN4_H	Hybrid	7	14	79
7	2020-09-25T00:00:00Z	2035.9547938145718	1962.18069045065	8.941854635526593e-6	EPPN4_H	Hybrid	1	17	73
7	2020-09-25T00:00:00Z	1737.3373615045475	1883.54116218565	8.898545887634568e-6	EPPN1_L	Line	1	15	7
7	2020-09-25T00:00:00Z	2082.2795264059764	2239.90495776816	8.898545887634568e-6	EPPN1_L	Line	5	17	3
7	2020-09-25T00:00:00Z	NA	2208.70961624927	8.898545887634568e-6	EPPN1_L	Line	13	14	9
7	2020-09-25T00:00:00Z	2032.784837368887	1873.17119704902	8.898545887634568e-6	EPPN1_L	Line	18	14	10
7	2020-09-25T00:00:00Z	1069.328542859746	1096.95245208021	8.898545887634568e-6	EPPN1_L	Line	3	16	5
7	2020-09-25T00:00:00Z	1751.41988494346	1849.0491032098	8.898545887634568e-6	EPPN1_L	Line	20	17	4
7	2020-09-25T00:00:00Z	NA	1794.73260798532	8.898545887634568e-6	EPPN1_L	Line	19	16	6
7	2020-09-25T00:00:00Z	1883.6224906853668	1965.05487220394	8.898545887634568e-6	EPPN1_L	Line	15	18	2
7	2020-09-25T00:00:00Z	1639.8002913101163	1509.36889514521	8.898545887634568e-6	EPPN1_L	Line	21	15	8
7	2020-09-25T00:00:00Z	NA	1219.43146805478	8.898545887634568e-6	EPPN1_L	Line	6	18	1
7	2020-09-25T00:00:00Z	NA	888.361598663038	8.84334496217537e-6	EPPN2_L	Line	13	15	17
7	2020-09-25T00:00:00Z	NA	891.729677705516	8.84334496217537e-6	EPPN2_L	Line	21	16	16
7	2020-09-25T00:00:00Z	NA	619.833586194163	8.84334496217537e-6	EPPN2_L	Line	16	14	20
7	2020-09-25T00:00:00Z	NA	991.72322146648	8.84334496217537e-6	EPPN2_L	Line	10	14	19
7	2020-09-25T00:00:00Z	NA	1089.5787345668	8.84334496217537e-6	EPPN2_L	Line	11	16	15
7	2020-09-25T00:00:00Z	NA	713.474070908178	8.84334496217537e-6	EPPN2_L	Line	25	17	14
7	2020-09-25T00:00:00Z	NA	804.549294416716	8.84334496217537e-6	EPPN2_L	Line	2	17	13
7	2020-09-25T00:00:00Z	NA	1130.60976829922	8.84334496217537e-6	EPPN2_L	Line	5	18	11
7	2020-09-25T00:00:00Z	NA	932.607659616379	8.84334496217537e-6	EPPN2_L	Line	23	18	12
7	2020-09-25T00:00:00Z	NA	718.103184284095	8.84334496217537e-6	EPPN2_L	Line	15	15	18
7	2020-09-25T00:00:00Z	964.4389928505911	874.154070368717	8.861465895955792e-6	EPPN20_T	Line	24	14	90
7	2020-09-25T00:00:00Z	510.01223058779834	487.078501905992	8.861465895955792e-6	EPPN20_T	Line	9	14	89
7	2020-09-25T00:00:00Z	658.9077139387313	568.825076045415	8.861465895955792e-6	EPPN20_T	Line	18	15	88
7	2020-09-25T00:00:00Z	633.850334650708	553.46167785946	8.861465895955792e-6	EPPN20_T	Line	10	16	85
7	2020-09-25T00:00:00Z	NA	1302.59588422212	8.861465895955792e-6	EPPN20_T	Line	24	17	84
7	2020-09-25T00:00:00Z	449.0802312208424	616.741563811425	8.861465895955792e-6	EPPN20_T	Line	13	17	83
7	2020-09-25T00:00:00Z	298.22806958462024	250.378695543297	8.861465895955792e-6	EPPN20_T	Line	13	16	86
7	2020-09-25T00:00:00Z	232.8452022864446	360.97225165735	8.861465895955792e-6	EPPN20_T	Line	7	15	87
7	2020-09-25T00:00:00Z	415.7987227256808	524.666339137502	8.861465895955792e-6	EPPN20_T	Line	19	18	82
7	2020-09-25T00:00:00Z	848.1088880048625	1029.8659889221601	8.861465895955792e-6	EPPN20_T	Line	12	18	81
7	2020-09-25T00:00:00Z	1618.1111420141845	1454.56601437738	8.86274460715129e-6	EPPN3_L	Line	15	14	30
7	2020-09-25T00:00:00Z	2140.274436422217	1853.35990635561	8.86274460715129e-6	EPPN3_L	Line	2	18	21
7	2020-09-25T00:00:00Z	1873.7962955514004	2069.69630870542	8.86274460715129e-6	EPPN3_L	Line	11	17	23
7	2020-09-25T00:00:00Z	NA	1988.91968874801	8.86274460715129e-6	EPPN3_L	Line	5	14	29
7	2020-09-25T00:00:00Z	1945.789021141179	1874.55148034772	8.86274460715129e-6	EPPN3_L	Line	9	16	25
7	2020-09-25T00:00:00Z	1865.4558526108124	1681.0892830589	8.86274460715129e-6	EPPN3_L	Line	22	15	28
7	2020-09-25T00:00:00Z	1856.9214969288985	1862.783391516	8.86274460715129e-6	EPPN3_L	Line	9	15	27
7	2020-09-25T00:00:00Z	1907.211893212466	2080.21932566362	8.86274460715129e-6	EPPN3_L	Line	18	18	22
7	2020-09-25T00:00:00Z	1605.8077036695797	1797.03589705452	8.86274460715129e-6	EPPN3_L	Line	18	17	24
7	2020-09-25T00:00:00Z	1913.2259543065747	1779.43587654373	8.86274460715129e-6	EPPN3_L	Line	26	16	26
7	2020-09-25T00:00:00Z	NA	1023.40776543341	8.886311293097562e-6	EPPN4_L	Line	20	15	38
7	2020-09-25T00:00:00Z	1348.7408025813968	1404.20633127585	8.886311293097562e-6	EPPN4_L	Line	3	17	33
7	2020-09-25T00:00:00Z	671.276587539454	483.213708669628	8.886311293097562e-6	EPPN4_L	Line	20	16	36
7	2020-09-25T00:00:00Z	NA	276.239758545226	8.886311293097562e-6	EPPN4_L	Line	17	14	40
7	2020-09-25T00:00:00Z	783.850088204719	688.169816066881	8.886311293097562e-6	EPPN4_L	Line	9	18	31
7	2020-09-25T00:00:00Z	NA	1182.53283350439	8.886311293097562e-6	EPPN4_L	Line	14	18	32
7	2020-09-25T00:00:00Z	NA	780.780252632138	8.886311293097562e-6	EPPN4_L	Line	6	14	39
7	2020-09-25T00:00:00Z	1592.1396431177561	1729.52971509748	8.886311293097562e-6	EPPN4_L	Line	12	15	37
7	2020-09-25T00:00:00Z	1450.7003207508235	1396.374397266	8.886311293097562e-6	EPPN4_L	Line	1	16	35
7	2020-09-25T00:00:00Z	1738.3522129699895	1857.54582672678	8.886311293097562e-6	EPPN4_L	Line	19	17	34
8	2020-09-28T00:00:00Z	3009.7790572483523	2970.00111753636	5.8381708252076194e-6	EPPN1_H	Hybrid	24	16	46
8	2020-09-28T00:00:00Z	3401.3367579890037	3379.75964251463	5.8381708252076194e-6	EPPN1_H	Hybrid	26	18	42
8	2020-09-28T00:00:00Z	3233.122785646362	3295.45425361453	5.8381708252076194e-6	EPPN1_H	Hybrid	5	16	45
8	2020-09-28T00:00:00Z	NA	2595.79310058029	5.8381708252076194e-6	EPPN1_H	Hybrid	19	15	48
8	2020-09-28T00:00:00Z	3755.984714340801	3759.19076200406	5.8381708252076194e-6	EPPN1_H	Hybrid	11	18	41
8	2020-09-28T00:00:00Z	3362.596384039286	3586.12817343622	5.8381708252076194e-6	EPPN1_H	Hybrid	8	14	49
8	2020-09-28T00:00:00Z	3432.4403608693447	3542.69236226991	5.8381708252076194e-6	EPPN1_H	Hybrid	10	17	43
8	2020-09-28T00:00:00Z	NA	4121.07943674807	5.8381708252076194e-6	EPPN1_H	Hybrid	14	14	50
8	2020-09-28T00:00:00Z	3478.781911343779	3664.04285913457	5.8381708252076194e-6	EPPN1_H	Hybrid	5	15	47
8	2020-09-28T00:00:00Z	3887.142809672478	4209.21284975734	5.8381708252076194e-6	EPPN1_H	Hybrid	16	17	44
8	2020-09-28T00:00:00Z	2528.983259870544	2445.53871137043	5.825350863991407e-6	EPPN2_H	Hybrid	16	15	58
8	2020-09-28T00:00:00Z	2963.6557539510186	3202.3838624366	5.825350863991407e-6	EPPN2_H	Hybrid	3	15	57
8	2020-09-28T00:00:00Z	NA	3019.55217055952	5.825350863991407e-6	EPPN2_H	Hybrid	2	14	59
8	2020-09-28T00:00:00Z	2447.4293941379306	2291.01555989956	5.825350863991407e-6	EPPN2_H	Hybrid	25	14	60
8	2020-09-28T00:00:00Z	2307.226846049825	2155.93997937885	5.825350863991407e-6	EPPN2_H	Hybrid	10	18	51
8	2020-09-28T00:00:00Z	2183.617537224806	2101.67942594283	5.825350863991407e-6	EPPN2_H	Hybrid	6	17	53
8	2020-09-28T00:00:00Z	2241.544504050637	2405.62525107895	5.825350863991407e-6	EPPN2_H	Hybrid	20	18	52
8	2020-09-28T00:00:00Z	NA	2486.53979968179	5.825350863991407e-6	EPPN2_H	Hybrid	22	17	54
8	2020-09-28T00:00:00Z	3163.9780221998276	3266.29978030397	5.825350863991407e-6	EPPN2_H	Hybrid	8	16	55
8	2020-09-28T00:00:00Z	2482.9694618282424	2272.58808451052	5.825350863991407e-6	EPPN2_H	Hybrid	22	16	56
8	2020-09-28T00:00:00Z	2747.4326533478434	3061.55025122243	5.823740735140319e-6	EPPN3_H	Hybrid	1	14	69
8	2020-09-28T00:00:00Z	2208.3317390461007	1800.852534099	5.823740735140319e-6	EPPN3_H	Hybrid	19	14	70
8	2020-09-28T00:00:00Z	2985.520037329811	2952.16721691634	5.823740735140319e-6	EPPN3_H	Hybrid	13	18	62
8	2020-09-28T00:00:00Z	2397.2972668033967	2214.74831076073	5.823740735140319e-6	EPPN3_H	Hybrid	23	16	66
8	2020-09-28T00:00:00Z	3169.298411281932	3317.85903538998	5.823740735140319e-6	EPPN3_H	Hybrid	12	16	65
8	2020-09-28T00:00:00Z	3346.887130799454	3556.50275008437	5.823740735140319e-6	EPPN3_H	Hybrid	7	17	63
8	2020-09-28T00:00:00Z	NA	1321.57467434703	5.823740735140319e-6	EPPN3_H	Hybrid	1	18	61
8	2020-09-28T00:00:00Z	3267.565732545147	3241.6966392792	5.823740735140319e-6	EPPN3_H	Hybrid	26	15	68
8	2020-09-28T00:00:00Z	NA	2833.05239987031	5.823740735140319e-6	EPPN3_H	Hybrid	14	17	64
8	2020-09-28T00:00:00Z	3183.9384333320218	3213.8252826849	5.823740735140319e-6	EPPN3_H	Hybrid	14	15	67
8	2020-09-28T00:00:00Z	2910.8075580482364	2673.41099889413	5.819212307392313e-6	EPPN4_H	Hybrid	25	15	78
8	2020-09-28T00:00:00Z	3554.725617033651	3695.15221940896	5.819212307392313e-6	EPPN4_H	Hybrid	17	17	74
8	2020-09-28T00:00:00Z	2974.3971735960445	3171.50197991801	5.819212307392313e-6	EPPN4_H	Hybrid	4	15	77
8	2020-09-28T00:00:00Z	3528.996080960596	3578.30507124097	5.819212307392313e-6	EPPN4_H	Hybrid	4	16	75
8	2020-09-28T00:00:00Z	3320.3561494996957	2978.05880616727	5.819212307392313e-6	EPPN4_H	Hybrid	3	18	71
8	2020-09-28T00:00:00Z	NA	3330.02731815483	5.819212307392313e-6	EPPN4_H	Hybrid	22	18	72
8	2020-09-28T00:00:00Z	3576.513655524635	3383.51835699509	5.819212307392313e-6	EPPN4_H	Hybrid	23	14	80
8	2020-09-28T00:00:00Z	2814.398061784242	2589.01141998577	5.819212307392313e-6	EPPN4_H	Hybrid	17	16	76
8	2020-09-28T00:00:00Z	3506.322556651857	3728.91844878418	5.819212307392313e-6	EPPN4_H	Hybrid	7	14	79
8	2020-09-28T00:00:00Z	2831.2904113886366	2640.14415427967	5.819212307392313e-6	EPPN4_H	Hybrid	1	17	73
8	2020-09-28T00:00:00Z	1964.59886818128	2092.74381534816	5.833895980777162e-6	EPPN1_L	Line	1	15	7
8	2020-09-28T00:00:00Z	2334.8479781906003	2480.2539495081	5.833895980777162e-6	EPPN1_L	Line	5	17	3
8	2020-09-28T00:00:00Z	NA	2824.74413027403	5.833895980777162e-6	EPPN1_L	Line	13	14	9
8	2020-09-28T00:00:00Z	2543.3340218480557	2288.25739211059	5.833895980777162e-6	EPPN1_L	Line	18	14	10
8	2020-09-28T00:00:00Z	1645.5531128549117	1706.05473371303	5.833895980777162e-6	EPPN1_L	Line	3	16	5
8	2020-09-28T00:00:00Z	2356.256446430562	2537.93200079089	5.833895980777162e-6	EPPN1_L	Line	20	17	4
8	2020-09-28T00:00:00Z	NA	2233.13313407055	5.833895980777162e-6	EPPN1_L	Line	19	16	6
8	2020-09-28T00:00:00Z	2299.1727815035338	2359.11315869956	5.833895980777162e-6	EPPN1_L	Line	15	18	2
8	2020-09-28T00:00:00Z	2072.0937343992564	1836.44924854036	5.833895980777162e-6	EPPN1_L	Line	21	15	8
8	2020-09-28T00:00:00Z	NA	1598.51995617274	5.833895980777162e-6	EPPN1_L	Line	6	18	1
8	2020-09-28T00:00:00Z	NA	736.432576823859	5.783423233130668e-6	EPPN2_L	Line	13	15	17
8	2020-09-28T00:00:00Z	NA	1010.25181667741	5.783423233130668e-6	EPPN2_L	Line	21	16	16
8	2020-09-28T00:00:00Z	NA	901.316629203026	5.783423233130668e-6	EPPN2_L	Line	16	14	20
8	2020-09-28T00:00:00Z	NA	1221.80435239307	5.783423233130668e-6	EPPN2_L	Line	10	14	19
8	2020-09-28T00:00:00Z	NA	1349.69838907666	5.783423233130668e-6	EPPN2_L	Line	11	16	15
8	2020-09-28T00:00:00Z	NA	925.359961688154	5.783423233130668e-6	EPPN2_L	Line	25	17	14
8	2020-09-28T00:00:00Z	NA	1268.73763405467	5.783423233130668e-6	EPPN2_L	Line	2	17	13
8	2020-09-28T00:00:00Z	NA	1131.97196489523	5.783423233130668e-6	EPPN2_L	Line	5	18	11
8	2020-09-28T00:00:00Z	NA	1103.556794291	5.783423233130668e-6	EPPN2_L	Line	23	18	12
8	2020-09-28T00:00:00Z	NA	928.167890236199	5.783423233130668e-6	EPPN2_L	Line	15	15	18
8	2020-09-28T00:00:00Z	1158.7597868180333	1176.6855612679	5.807293083671677e-6	EPPN20_T	Line	24	14	90
8	2020-09-28T00:00:00Z	637.8459798325974	679.556029196241	5.807293083671677e-6	EPPN20_T	Line	9	14	89
8	2020-09-28T00:00:00Z	853.8012183770446	697.389929816262	5.807293083671677e-6	EPPN20_T	Line	18	15	88
8	2020-09-28T00:00:00Z	830.9766184363106	776.266064466824	5.807293083671677e-6	EPPN20_T	Line	10	16	85
8	2020-09-28T00:00:00Z	NA	1898.75860475745	5.807293083671677e-6	EPPN20_T	Line	24	17	84
8	2020-09-28T00:00:00Z	607.0893178238582	764.243509639276	5.807293083671677e-6	EPPN20_T	Line	13	17	83
8	2020-09-28T00:00:00Z	489.8854211166977	418.882515589457	5.807293083671677e-6	EPPN20_T	Line	13	16	86
8	2020-09-28T00:00:00Z	422.2870365867077	597.081125362266	5.807293083671677e-6	EPPN20_T	Line	7	15	87
8	2020-09-28T00:00:00Z	723.4564607963906	893.09010942524	5.807293083671677e-6	EPPN20_T	Line	19	18	82
8	2020-09-28T00:00:00Z	905.8942564200796	1036.49173124189	5.807293083671677e-6	EPPN20_T	Line	12	18	81
8	2020-09-28T00:00:00Z	2034.8268766148592	1823.77091799494	5.8056613151042695e-6	EPPN3_L	Line	15	14	30
8	2020-09-28T00:00:00Z	2884.8470150701137	2547.21415952914	5.8056613151042695e-6	EPPN3_L	Line	2	18	21
8	2020-09-28T00:00:00Z	2337.3845243660694	2583.39023137978	5.8056613151042695e-6	EPPN3_L	Line	11	17	23
8	2020-09-28T00:00:00Z	NA	2616.59132070546	5.8056613151042695e-6	EPPN3_L	Line	5	14	29
8	2020-09-28T00:00:00Z	2353.4021249711586	2286.44467874414	5.8056613151042695e-6	EPPN3_L	Line	9	16	25
8	2020-09-28T00:00:00Z	2275.641785876042	2016.40903375058	5.8056613151042695e-6	EPPN3_L	Line	22	15	28
8	2020-09-28T00:00:00Z	2450.1205276885757	2455.69523773251	5.8056613151042695e-6	EPPN3_L	Line	9	15	27
8	2020-09-28T00:00:00Z	2425.1672510914564	2733.95029382398	5.8056613151042695e-6	EPPN3_L	Line	18	18	22
8	2020-09-28T00:00:00Z	2251.9014793697615	2585.78763366542	5.8056613151042695e-6	EPPN3_L	Line	18	17	24
8	2020-09-28T00:00:00Z	2301.5052230945953	2193.04195678236	5.8056613151042695e-6	EPPN3_L	Line	26	16	26
8	2020-09-28T00:00:00Z	NA	1333.65943012343	5.827957271840576e-6	EPPN4_L	Line	20	15	38
8	2020-09-28T00:00:00Z	1638.7225458136345	1716.71775351574	5.827957271840576e-6	EPPN4_L	Line	3	17	33
8	2020-09-28T00:00:00Z	1098.9896690600383	893.754770992942	5.827957271840576e-6	EPPN4_L	Line	20	16	36
8	2020-09-28T00:00:00Z	NA	418.224962701624	5.827957271840576e-6	EPPN4_L	Line	17	14	40
8	2020-09-28T00:00:00Z	1258.6238371282725	1066.13137195347	5.827957271840576e-6	EPPN4_L	Line	9	18	31
8	2020-09-28T00:00:00Z	NA	1339.93639444729	5.827957271840576e-6	EPPN4_L	Line	14	18	32
8	2020-09-28T00:00:00Z	NA	956.168980238098	5.827957271840576e-6	EPPN4_L	Line	6	14	39
8	2020-09-28T00:00:00Z	2054.627670102681	2243.05507399697	5.827957271840576e-6	EPPN4_L	Line	12	15	37
8	2020-09-28T00:00:00Z	1960.330489572011	1836.77802498427	5.827957271840576e-6	EPPN4_L	Line	1	16	35
8	2020-09-28T00:00:00Z	2033.8725675792734	2219.15036076928	5.827957271840576e-6	EPPN4_L	Line	19	17	34
9	2020-09-30T00:00:00Z	3506.594766227611	3494.72476768745	4.248139825114778e-6	EPPN1_H	Hybrid	24	16	46
9	2020-09-30T00:00:00Z	3789.573107008565	3926.59661856656	4.248139825114778e-6	EPPN1_H	Hybrid	26	18	42
9	2020-09-30T00:00:00Z	3753.0657789364705	3913.10612134618	4.248139825114778e-6	EPPN1_H	Hybrid	5	16	45
9	2020-09-30T00:00:00Z	NA	3082.19563473043	4.248139825114778e-6	EPPN1_H	Hybrid	19	15	48
9	2020-09-30T00:00:00Z	4414.974034934563	4499.52600407571	4.248139825114778e-6	EPPN1_H	Hybrid	11	18	41
9	2020-09-30T00:00:00Z	4014.1375416342767	4405.67188094228	4.248139825114778e-6	EPPN1_H	Hybrid	8	14	49
9	2020-09-30T00:00:00Z	3779.6022394669044	3827.46607780077	4.248139825114778e-6	EPPN1_H	Hybrid	10	17	43
9	2020-09-30T00:00:00Z	NA	4763.14251114803	4.248139825114778e-6	EPPN1_H	Hybrid	14	14	50
9	2020-09-30T00:00:00Z	3941.276040279067	4242.3179719048	4.248139825114778e-6	EPPN1_H	Hybrid	5	15	47
9	2020-09-30T00:00:00Z	4218.563392332453	4489.82976473511	4.248139825114778e-6	EPPN1_H	Hybrid	16	17	44
9	2020-09-30T00:00:00Z	2955.984874241609	2842.42519427688	4.239585906416668e-6	EPPN2_H	Hybrid	16	15	58
9	2020-09-30T00:00:00Z	3270.643824915801	3603.38627098689	4.239585906416668e-6	EPPN2_H	Hybrid	3	15	57
9	2020-09-30T00:00:00Z	NA	3566.01416374838	4.239585906416668e-6	EPPN2_H	Hybrid	2	14	59
9	2020-09-30T00:00:00Z	3149.2435534700803	2766.42629780308	4.239585906416668e-6	EPPN2_H	Hybrid	25	14	60
9	2020-09-30T00:00:00Z	2578.108352898513	2362.6994876932	4.239585906416668e-6	EPPN2_H	Hybrid	10	18	51
9	2020-09-30T00:00:00Z	2783.8395750913687	2644.62084542684	4.239585906416668e-6	EPPN2_H	Hybrid	6	17	53
9	2020-09-30T00:00:00Z	2634.751075967357	2783.14058134382	4.239585906416668e-6	EPPN2_H	Hybrid	20	18	52
9	2020-09-30T00:00:00Z	NA	2977.93618143954	4.239585906416668e-6	EPPN2_H	Hybrid	22	17	54
9	2020-09-30T00:00:00Z	3736.758293816068	3980.43598272038	4.239585906416668e-6	EPPN2_H	Hybrid	8	16	55
9	2020-09-30T00:00:00Z	2845.0386260507635	2561.44929096575	4.239585906416668e-6	EPPN2_H	Hybrid	22	16	56
9	2020-09-30T00:00:00Z	3393.2201690665715	3737.00634930453	4.23282981720451e-6	EPPN3_H	Hybrid	1	14	69
9	2020-09-30T00:00:00Z	2507.0663975326547	2087.30922958872	4.23282981720451e-6	EPPN3_H	Hybrid	19	14	70
9	2020-09-30T00:00:00Z	3593.292954069527	3565.47390407838	4.23282981720451e-6	EPPN3_H	Hybrid	13	18	62
9	2020-09-30T00:00:00Z	2776.0546450001625	2466.12189392958	4.23282981720451e-6	EPPN3_H	Hybrid	23	16	66
9	2020-09-30T00:00:00Z	3722.746002980688	3973.4250472001	4.23282981720451e-6	EPPN3_H	Hybrid	12	16	65
9	2020-09-30T00:00:00Z	3887.1076837000405	4125.33220447938	4.23282981720451e-6	EPPN3_H	Hybrid	7	17	63
9	2020-09-30T00:00:00Z	NA	1362.79790890428	4.23282981720451e-6	EPPN3_H	Hybrid	1	18	61
9	2020-09-30T00:00:00Z	3837.905199772373	3624.62878360384	4.23282981720451e-6	EPPN3_H	Hybrid	26	15	68
9	2020-09-30T00:00:00Z	NA	3283.43169878698	4.23282981720451e-6	EPPN3_H	Hybrid	14	17	64
9	2020-09-30T00:00:00Z	4023.135395116996	4090.67383578066	4.23282981720451e-6	EPPN3_H	Hybrid	14	15	67
9	2020-09-30T00:00:00Z	3316.1884303140823	2907.89258152554	4.230795585518362e-6	EPPN4_H	Hybrid	25	15	78
9	2020-09-30T00:00:00Z	3921.166294783182	3934.57611171892	4.230795585518362e-6	EPPN4_H	Hybrid	17	17	74
9	2020-09-30T00:00:00Z	3454.0207055109236	3766.65665303592	4.230795585518362e-6	EPPN4_H	Hybrid	4	15	77
9	2020-09-30T00:00:00Z	4187.360308712638	4334.84099473286	4.230795585518362e-6	EPPN4_H	Hybrid	4	16	75
9	2020-09-30T00:00:00Z	4010.9477042672283	3596.4357592455	4.230795585518362e-6	EPPN4_H	Hybrid	3	18	71
9	2020-09-30T00:00:00Z	NA	3839.73743642371	4.230795585518362e-6	EPPN4_H	Hybrid	22	18	72
9	2020-09-30T00:00:00Z	3924.3264840483116	3522.5712439022	4.230795585518362e-6	EPPN4_H	Hybrid	23	14	80
9	2020-09-30T00:00:00Z	3484.8793169076453	3165.64798204632	4.230795585518362e-6	EPPN4_H	Hybrid	17	16	76
9	2020-09-30T00:00:00Z	4162.19614075915	4520.2904579715	4.230795585518362e-6	EPPN4_H	Hybrid	7	14	79
9	2020-09-30T00:00:00Z	3613.368495238196	3363.3154888089002	4.230795585518362e-6	EPPN4_H	Hybrid	1	17	73
9	2020-09-30T00:00:00Z	2251.0725054422865	2394.87514994786	4.240359142347124e-6	EPPN1_L	Line	1	15	7
9	2020-09-30T00:00:00Z	2865.8457514494207	3027.94929865415	4.240359142347124e-6	EPPN1_L	Line	5	17	3
9	2020-09-30T00:00:00Z	NA	3105.50499601914	4.240359142347124e-6	EPPN1_L	Line	13	14	9
9	2020-09-30T00:00:00Z	2858.3619092429676	2633.89384750532	4.240359142347124e-6	EPPN1_L	Line	18	14	10
9	2020-09-30T00:00:00Z	1983.3583088458163	2123.95802865061	4.240359142347124e-6	EPPN1_L	Line	3	16	5
9	2020-09-30T00:00:00Z	2764.272875404121	2900.2365333072	4.240359142347124e-6	EPPN1_L	Line	20	17	4
9	2020-09-30T00:00:00Z	NA	2563.92488872995	4.240359142347124e-6	EPPN1_L	Line	19	16	6
9	2020-09-30T00:00:00Z	2933.8819529611787	2997.03898141608	4.240359142347124e-6	EPPN1_L	Line	15	18	2
9	2020-09-30T00:00:00Z	2457.6706605884237	2162.25248710205	4.240359142347124e-6	EPPN1_L	Line	21	15	8
9	2020-09-30T00:00:00Z	NA	1847.45526214671	4.240359142347124e-6	EPPN1_L	Line	6	18	1
9	2020-09-30T00:00:00Z	NA	814.775560484287	4.204280821138216e-6	EPPN2_L	Line	13	15	17
9	2020-09-30T00:00:00Z	NA	1201.77564686366	4.204280821138216e-6	EPPN2_L	Line	21	16	16
9	2020-09-30T00:00:00Z	NA	1126.4396347876	4.204280821138216e-6	EPPN2_L	Line	16	14	20
9	2020-09-30T00:00:00Z	NA	1511.95400707446	4.204280821138216e-6	EPPN2_L	Line	10	14	19
9	2020-09-30T00:00:00Z	NA	1563.08140985846	4.204280821138216e-6	EPPN2_L	Line	11	16	15
9	2020-09-30T00:00:00Z	NA	1092.61653597342	4.204280821138216e-6	EPPN2_L	Line	25	17	14
9	2020-09-30T00:00:00Z	NA	1424.9331024646	4.204280821138216e-6	EPPN2_L	Line	2	17	13
9	2020-09-30T00:00:00Z	NA	1305.08253705218	4.204280821138216e-6	EPPN2_L	Line	5	18	11
9	2020-09-30T00:00:00Z	NA	1330.76264307703	4.204280821138216e-6	EPPN2_L	Line	23	18	12
9	2020-09-30T00:00:00Z	NA	1026.54313376597	4.204280821138216e-6	EPPN2_L	Line	15	15	18
9	2020-09-30T00:00:00Z	1489.9065766064496	1424.10671842989	4.215485497942997e-6	EPPN20_T	Line	24	14	90
9	2020-09-30T00:00:00Z	783.0361403361949	853.580066716291	4.215485497942997e-6	EPPN20_T	Line	9	14	89
9	2020-09-30T00:00:00Z	979.7526155958302	829.152865518265	4.215485497942997e-6	EPPN20_T	Line	18	15	88
9	2020-09-30T00:00:00Z	999.7027077022632	913.461808758304	4.215485497942997e-6	EPPN20_T	Line	10	16	85
9	2020-09-30T00:00:00Z	NA	2227.25247864936	4.215485497942997e-6	EPPN20_T	Line	24	17	84
9	2020-09-30T00:00:00Z	791.3576033599564	931.205073710002	4.215485497942997e-6	EPPN20_T	Line	13	17	83
9	2020-09-30T00:00:00Z	655.2070135848282	577.418516846081	4.215485497942997e-6	EPPN20_T	Line	13	16	86
9	2020-09-30T00:00:00Z	523.2361711648772	804.002356143622	4.215485497942997e-6	EPPN20_T	Line	7	15	87
9	2020-09-30T00:00:00Z	867.0856856030144	995.627485018001	4.215485497942997e-6	EPPN20_T	Line	19	18	82
9	2020-09-30T00:00:00Z	1076.6964267313956	1314.9938139588	4.215485497942997e-6	EPPN20_T	Line	12	18	81
9	2020-09-30T00:00:00Z	2336.262780960751	2122.36746153004	4.215060749635537e-6	EPPN3_L	Line	15	14	30
9	2020-09-30T00:00:00Z	3271.698386617319	2883.57734203545	4.215060749635537e-6	EPPN3_L	Line	2	18	21
9	2020-09-30T00:00:00Z	2787.3361968000654	3104.5613187666	4.215060749635537e-6	EPPN3_L	Line	11	17	23
9	2020-09-30T00:00:00Z	NA	3030.98115061805	4.215060749635537e-6	EPPN3_L	Line	5	14	29
9	2020-09-30T00:00:00Z	2738.8069442537044	2690.7721723029	4.215060749635537e-6	EPPN3_L	Line	9	16	25
9	2020-09-30T00:00:00Z	2689.1371924680066	2317.73531035517	4.215060749635537e-6	EPPN3_L	Line	22	15	28
9	2020-09-30T00:00:00Z	2899.23162790199	2917.40044084962	4.215060749635537e-6	EPPN3_L	Line	9	15	27
9	2020-09-30T00:00:00Z	2965.138218512413	3256.44359566634	4.215060749635537e-6	EPPN3_L	Line	18	18	22
9	2020-09-30T00:00:00Z	2630.337331632388	2935.62354169244	4.215060749635537e-6	EPPN3_L	Line	18	17	24
9	2020-09-30T00:00:00Z	2611.701791025019	2418.94158564256	4.215060749635537e-6	EPPN3_L	Line	26	16	26
9	2020-09-30T00:00:00Z	NA	1704.4677209324	4.231049856081813e-6	EPPN4_L	Line	20	15	38
9	2020-09-30T00:00:00Z	1956.1869672483706	2031.78866264601	4.231049856081813e-6	EPPN4_L	Line	3	17	33
9	2020-09-30T00:00:00Z	1450.1103709707136	1216.18138661711	4.231049856081813e-6	EPPN4_L	Line	20	16	36
9	2020-09-30T00:00:00Z	NA	509.287151816709	4.231049856081813e-6	EPPN4_L	Line	17	14	40
9	2020-09-30T00:00:00Z	1509.2350744137457	1277.0050287417	4.231049856081813e-6	EPPN4_L	Line	9	18	31
9	2020-09-30T00:00:00Z	NA	1484.2159382277	4.231049856081813e-6	EPPN4_L	Line	14	18	32
9	2020-09-30T00:00:00Z	NA	1267.422528279	4.231049856081813e-6	EPPN4_L	Line	6	14	39
9	2020-09-30T00:00:00Z	2441.292458010994	2702.36465199841	4.231049856081813e-6	EPPN4_L	Line	12	15	37
9	2020-09-30T00:00:00Z	2187.546571384887	2078.86411790498	4.231049856081813e-6	EPPN4_L	Line	1	16	35
9	2020-09-30T00:00:00Z	2647.5738763008058	2773.7215805181	4.231049856081813e-6	EPPN4_L	Line	19	17	34
10	2020-10-02T00:00:00Z	4273.657570662421	4204.73260427024	2.3106137069520175e-6	EPPN1_H	Hybrid	24	16	46
10	2020-10-02T00:00:00Z	4754.212631799006	5239.08995438162	2.3106137069520175e-6	EPPN1_H	Hybrid	26	18	42
10	2020-10-02T00:00:00Z	4619.732494896791	4743.75536397675	2.3106137069520175e-6	EPPN1_H	Hybrid	5	16	45
10	2020-10-02T00:00:00Z	NA	3506.39899720144	2.3106137069520175e-6	EPPN1_H	Hybrid	19	15	48
10	2020-10-02T00:00:00Z	5540.827252803962	5596.92668160061	2.3106137069520175e-6	EPPN1_H	Hybrid	11	18	41
10	2020-10-02T00:00:00Z	5085.222819900992	5447.24987263006	2.3106137069520175e-6	EPPN1_H	Hybrid	8	14	49
10	2020-10-02T00:00:00Z	4516.137033467839	4526.90153024918	2.3106137069520175e-6	EPPN1_H	Hybrid	10	17	43
10	2020-10-02T00:00:00Z	NA	6162.53945835513	2.3106137069520175e-6	EPPN1_H	Hybrid	14	14	50
10	2020-10-02T00:00:00Z	4937.81016829568	5206.54464077381	2.3106137069520175e-6	EPPN1_H	Hybrid	5	15	47
10	2020-10-02T00:00:00Z	5643.013707833429	5873.88618078605	2.3106137069520175e-6	EPPN1_H	Hybrid	16	17	44
10	2020-10-02T00:00:00Z	3515.741761494754	3446.14938097623	2.3115164346280837e-6	EPPN2_H	Hybrid	16	15	58
10	2020-10-02T00:00:00Z	4073.3729258095373	4432.02908872459	2.3115164346280837e-6	EPPN2_H	Hybrid	3	15	57
10	2020-10-02T00:00:00Z	NA	4261.69445605628	2.3115164346280837e-6	EPPN2_H	Hybrid	2	14	59
10	2020-10-02T00:00:00Z	4180.3705079748725	3544.32735863965	2.3115164346280837e-6	EPPN2_H	Hybrid	25	14	60
10	2020-10-02T00:00:00Z	3191.5526921958417	2887.81944674696	2.3115164346280837e-6	EPPN2_H	Hybrid	10	18	51
10	2020-10-02T00:00:00Z	3569.755856333888	3451.99093865815	2.3115164346280837e-6	EPPN2_H	Hybrid	6	17	53
10	2020-10-02T00:00:00Z	3243.2622693155754	3373.4275859218	2.3115164346280837e-6	EPPN2_H	Hybrid	20	18	52
10	2020-10-02T00:00:00Z	NA	4100.77349270378	2.3115164346280837e-6	EPPN2_H	Hybrid	22	17	54
10	2020-10-02T00:00:00Z	4858.33712236112	5134.20671443227	2.3115164346280837e-6	EPPN2_H	Hybrid	8	16	55
10	2020-10-02T00:00:00Z	3735.939863222652	3449.13858086092	2.3115164346280837e-6	EPPN2_H	Hybrid	22	16	56
10	2020-10-02T00:00:00Z	4292.470958466458	4492.10631946299	2.3041635933802986e-6	EPPN3_H	Hybrid	1	14	69
10	2020-10-02T00:00:00Z	3074.9338622647733	2627.25967201807	2.3041635933802986e-6	EPPN3_H	Hybrid	19	14	70
10	2020-10-02T00:00:00Z	4555.090132991396	4440.37645606014	2.3041635933802986e-6	EPPN3_H	Hybrid	13	18	62
10	2020-10-02T00:00:00Z	3539.4116523054386	3206.39315788242	2.3041635933802986e-6	EPPN3_H	Hybrid	23	16	66
10	2020-10-02T00:00:00Z	4662.56083718649	4951.88329316578	2.3041635933802986e-6	EPPN3_H	Hybrid	12	16	65
10	2020-10-02T00:00:00Z	4955.907029454568	5260.13697830219	2.3041635933802986e-6	EPPN3_H	Hybrid	7	17	63
10	2020-10-02T00:00:00Z	NA	1911.08150130944	2.3041635933802986e-6	EPPN3_H	Hybrid	1	18	61
10	2020-10-02T00:00:00Z	4992.939700783596	4636.6506615685	2.3041635933802986e-6	EPPN3_H	Hybrid	26	15	68
10	2020-10-02T00:00:00Z	NA	4152.3860628888	2.3041635933802986e-6	EPPN3_H	Hybrid	14	17	64
10	2020-10-02T00:00:00Z	5401.620990626102	5590.32627234273	2.3041635933802986e-6	EPPN3_H	Hybrid	14	15	67
10	2020-10-02T00:00:00Z	4370.375148356222	3864.32458291878	2.304558153299644e-6	EPPN4_H	Hybrid	25	15	78
10	2020-10-02T00:00:00Z	5051.232501425297	5053.16598676176	2.304558153299644e-6	EPPN4_H	Hybrid	17	17	74
10	2020-10-02T00:00:00Z	4665.81344261984	4982.78117021408	2.304558153299644e-6	EPPN4_H	Hybrid	4	15	77
10	2020-10-02T00:00:00Z	5068.436603039094	5225.71675037907	2.304558153299644e-6	EPPN4_H	Hybrid	4	16	75
10	2020-10-02T00:00:00Z	5113.505893430502	4751.90191110602	2.304558153299644e-6	EPPN4_H	Hybrid	3	18	71
10	2020-10-02T00:00:00Z	NA	4683.7136766377	2.304558153299644e-6	EPPN4_H	Hybrid	22	18	72
10	2020-10-02T00:00:00Z	5083.933317246928	4519.7555298114	2.304558153299644e-6	EPPN4_H	Hybrid	23	14	80
10	2020-10-02T00:00:00Z	4615.10635082495	4307.39615893067	2.304558153299644e-6	EPPN4_H	Hybrid	17	16	76
10	2020-10-02T00:00:00Z	5637.5965466967755	5994.80304817874	2.304558153299644e-6	EPPN4_H	Hybrid	7	14	79
10	2020-10-02T00:00:00Z	4626.891437535858	4490.8249799167	2.304558153299644e-6	EPPN4_H	Hybrid	1	17	73
10	2020-10-02T00:00:00Z	2920.9843207788954	3080.24963361644	2.300409596198987e-6	EPPN1_L	Line	1	15	7
10	2020-10-02T00:00:00Z	3410.263049381313	3543.95237577659	2.300409596198987e-6	EPPN1_L	Line	5	17	3
10	2020-10-02T00:00:00Z	NA	3499.20501317455	2.300409596198987e-6	EPPN1_L	Line	13	14	9
10	2020-10-02T00:00:00Z	3616.6992828966477	3431.65122838449	2.300409596198987e-6	EPPN1_L	Line	18	14	10
10	2020-10-02T00:00:00Z	2710.552948484598	2894.45184506424	2.300409596198987e-6	EPPN1_L	Line	3	16	5
10	2020-10-02T00:00:00Z	3580.1185904489766	3725.48495640771	2.300409596198987e-6	EPPN1_L	Line	20	17	4
10	2020-10-02T00:00:00Z	NA	3255.02896837251	2.300409596198987e-6	EPPN1_L	Line	19	16	6
10	2020-10-02T00:00:00Z	3768.8251359477986	3751.356996789	2.300409596198987e-6	EPPN1_L	Line	15	18	2
10	2020-10-02T00:00:00Z	2962.4380163295154	2659.97559394273	2.300409596198987e-6	EPPN1_L	Line	21	15	8
10	2020-10-02T00:00:00Z	NA	2307.57700682313	2.300409596198987e-6	EPPN1_L	Line	6	18	1
10	2020-10-02T00:00:00Z	NA	1265.63291812212	2.2995237049430392e-6	EPPN2_L	Line	13	15	17
10	2020-10-02T00:00:00Z	NA	1572.92515430632	2.2995237049430392e-6	EPPN2_L	Line	21	16	16
10	2020-10-02T00:00:00Z	NA	1293.65888850355	2.2995237049430392e-6	EPPN2_L	Line	16	14	20
10	2020-10-02T00:00:00Z	NA	1812.43079643477	2.2995237049430392e-6	EPPN2_L	Line	10	14	19
10	2020-10-02T00:00:00Z	NA	1907.69243818215	2.2995237049430392e-6	EPPN2_L	Line	11	16	15
10	2020-10-02T00:00:00Z	NA	1354.88061670077	2.2995237049430392e-6	EPPN2_L	Line	25	17	14
10	2020-10-02T00:00:00Z	NA	1731.63887255965	2.2995237049430392e-6	EPPN2_L	Line	2	17	13
10	2020-10-02T00:00:00Z	NA	1769.5494622982	2.2995237049430392e-6	EPPN2_L	Line	5	18	11
10	2020-10-02T00:00:00Z	NA	1611.29958540628	2.2995237049430392e-6	EPPN2_L	Line	23	18	12
10	2020-10-02T00:00:00Z	NA	1313.72669177224	2.2995237049430392e-6	EPPN2_L	Line	15	15	18
10	2020-10-02T00:00:00Z	2150.895417059562	1829.05088996725	2.2898665107469087e-6	EPPN20_T	Line	24	14	90
10	2020-10-02T00:00:00Z	1069.7793397435144	1110.70457189874	2.2898665107469087e-6	EPPN20_T	Line	9	14	89
10	2020-10-02T00:00:00Z	1262.3084621454386	1157.58809280126	2.2898665107469087e-6	EPPN20_T	Line	18	15	88
10	2020-10-02T00:00:00Z	1353.1273056490174	1237.53230660206	2.2898665107469087e-6	EPPN20_T	Line	10	16	85
10	2020-10-02T00:00:00Z	NA	2839.07522888887	2.2898665107469087e-6	EPPN20_T	Line	24	17	84
10	2020-10-02T00:00:00Z	1140.026683703528	1250.86996720527	2.2898665107469087e-6	EPPN20_T	Line	13	17	83
10	2020-10-02T00:00:00Z	1012.0284201111875	921.242258874344	2.2898665107469087e-6	EPPN20_T	Line	13	16	86
10	2020-10-02T00:00:00Z	841.9004059064791	1205.26423150911	2.2898665107469087e-6	EPPN20_T	Line	7	15	87
10	2020-10-02T00:00:00Z	1362.177392383558	1379.95826210677	2.2898665107469087e-6	EPPN20_T	Line	19	18	82
10	2020-10-02T00:00:00Z	1698.2241950209532	1907.56092760458	2.2898665107469087e-6	EPPN20_T	Line	12	18	81
10	2020-10-02T00:00:00Z	2934.258040963127	2762.22506800082	2.289882792194821e-6	EPPN3_L	Line	15	14	30
10	2020-10-02T00:00:00Z	4239.545595147839	3909.91787842517	2.289882792194821e-6	EPPN3_L	Line	2	18	21
10	2020-10-02T00:00:00Z	3726.2203761059636	4067.8265386834	2.289882792194821e-6	EPPN3_L	Line	11	17	23
10	2020-10-02T00:00:00Z	NA	3333.42882147189	2.289882792194821e-6	EPPN3_L	Line	5	14	29
10	2020-10-02T00:00:00Z	3423.0670334699325	3400.31972186421	2.289882792194821e-6	EPPN3_L	Line	9	16	25
10	2020-10-02T00:00:00Z	3456.285201096705	3066.39481655279	2.289882792194821e-6	EPPN3_L	Line	22	15	28
10	2020-10-02T00:00:00Z	3943.400215270087	4007.5324932090102	2.289882792194821e-6	EPPN3_L	Line	9	15	27
10	2020-10-02T00:00:00Z	3782.049855061515	3987.28697294362	2.289882792194821e-6	EPPN3_L	Line	18	18	22
10	2020-10-02T00:00:00Z	3497.615464856132	3776.77941316862	2.289882792194821e-6	EPPN3_L	Line	18	17	24
10	2020-10-02T00:00:00Z	3331.483893957614	3135.53561412349	2.289882792194821e-6	EPPN3_L	Line	26	16	26
10	2020-10-02T00:00:00Z	NA	2269.35363517037	2.2958063410385706e-6	EPPN4_L	Line	20	15	38
10	2020-10-02T00:00:00Z	2450.3550175033374	2594.7872223789	2.2958063410385706e-6	EPPN4_L	Line	3	17	33
10	2020-10-02T00:00:00Z	1813.6110109257565	1574.45885198794	2.2958063410385706e-6	EPPN4_L	Line	20	16	36
10	2020-10-02T00:00:00Z	NA	633.701489704683	2.2958063410385706e-6	EPPN4_L	Line	17	14	40
10	2020-10-02T00:00:00Z	1792.83063852399	1529.87498902287	2.2958063410385706e-6	EPPN4_L	Line	9	18	31
10	2020-10-02T00:00:00Z	NA	1844.61889887919	2.2958063410385706e-6	EPPN4_L	Line	14	18	32
10	2020-10-02T00:00:00Z	NA	1444.12831527943	2.2958063410385706e-6	EPPN4_L	Line	6	14	39
10	2020-10-02T00:00:00Z	3269.7341533634526	3603.45202627568	2.2958063410385706e-6	EPPN4_L	Line	12	15	37
10	2020-10-02T00:00:00Z	2860.5570429368336	2815.07987999285	2.2958063410385706e-6	EPPN4_L	Line	1	16	35
10	2020-10-02T00:00:00Z	3334.3648589393965	3396.5965507831	2.2958063410385706e-6	EPPN4_L	Line	19	17	34
11	2020-10-05T00:00:00Z	5449.4430247172195	5320.60518643336	1.7074937073046389e-6	EPPN1_H	Hybrid	24	16	46
11	2020-10-05T00:00:00Z	6456.244790524296	6726.16713625638	1.7074937073046389e-6	EPPN1_H	Hybrid	26	18	42
11	2020-10-05T00:00:00Z	6422.253219098904	6317.69705950426	1.7074937073046389e-6	EPPN1_H	Hybrid	5	16	45
11	2020-10-05T00:00:00Z	NA	4178.76459671072	1.7074937073046389e-6	EPPN1_H	Hybrid	19	15	48
11	2020-10-05T00:00:00Z	7266.245661672164	7294.75489553585	1.7074937073046389e-6	EPPN1_H	Hybrid	11	18	41
11	2020-10-05T00:00:00Z	6924.024825160176	7473.54708007768	1.7074937073046389e-6	EPPN1_H	Hybrid	8	14	49
11	2020-10-05T00:00:00Z	6031.227126110991	6413.69978112793	1.7074937073046389e-6	EPPN1_H	Hybrid	10	17	43
11	2020-10-05T00:00:00Z	NA	6377.1451720743	1.7074937073046389e-6	EPPN1_H	Hybrid	14	14	50
11	2020-10-05T00:00:00Z	5850.3522836734	6005.93168651283	1.7074937073046389e-6	EPPN1_H	Hybrid	5	15	47
11	2020-10-05T00:00:00Z	6499.817770027473	7058.84802259082	1.7074937073046389e-6	EPPN1_H	Hybrid	16	17	44
11	2020-10-05T00:00:00Z	4638.753128364272	4360.70414926431	1.70387959947528e-6	EPPN2_H	Hybrid	16	15	58
11	2020-10-05T00:00:00Z	5115.420948613436	5458.52779324139	1.70387959947528e-6	EPPN2_H	Hybrid	3	15	57
11	2020-10-05T00:00:00Z	NA	6678.59762774655	1.70387959947528e-6	EPPN2_H	Hybrid	2	14	59
11	2020-10-05T00:00:00Z	5196.046407121675	4252.25768353089	1.70387959947528e-6	EPPN2_H	Hybrid	25	14	60
11	2020-10-05T00:00:00Z	4732.042910316919	4396.49635240205	1.70387959947528e-6	EPPN2_H	Hybrid	10	18	51
11	2020-10-05T00:00:00Z	4934.716848252927	4928.02300918727	1.70387959947528e-6	EPPN2_H	Hybrid	6	17	53
11	2020-10-05T00:00:00Z	4821.944262180258	5111.16926014853	1.70387959947528e-6	EPPN2_H	Hybrid	20	18	52
11	2020-10-05T00:00:00Z	NA	4471.09661611173	1.70387959947528e-6	EPPN2_H	Hybrid	22	17	54
11	2020-10-05T00:00:00Z	6054.305335364744	6587.65450901926	1.70387959947528e-6	EPPN2_H	Hybrid	8	16	55
11	2020-10-05T00:00:00Z	4881.077873421084	4163.55913047207	1.70387959947528e-6	EPPN2_H	Hybrid	22	16	56
11	2020-10-05T00:00:00Z	5349.376889868078	6031.85526482317	1.7040721367901022e-6	EPPN3_H	Hybrid	1	14	69
11	2020-10-05T00:00:00Z	4315.274162124956	3395.1534887698	1.7040721367901022e-6	EPPN3_H	Hybrid	19	14	70
11	2020-10-05T00:00:00Z	5312.595012475434	5099.72250839033	1.7040721367901022e-6	EPPN3_H	Hybrid	13	18	62
11	2020-10-05T00:00:00Z	4385.130443913349	3851.84707257965	1.7040721367901022e-6	EPPN3_H	Hybrid	23	16	66
11	2020-10-05T00:00:00Z	5479.673904039262	5906.16669606877	1.7040721367901022e-6	EPPN3_H	Hybrid	12	16	65
11	2020-10-05T00:00:00Z	5625.0967302418185	6111.38539802163	1.7040721367901022e-6	EPPN3_H	Hybrid	7	17	63
11	2020-10-05T00:00:00Z	NA	2812.25417974513	1.7040721367901022e-6	EPPN3_H	Hybrid	1	18	61
11	2020-10-05T00:00:00Z	5881.8809039980715	5623.60022563707	1.7040721367901022e-6	EPPN3_H	Hybrid	26	15	68
11	2020-10-05T00:00:00Z	NA	6116.03269748564	1.7040721367901022e-6	EPPN3_H	Hybrid	14	17	64
11	2020-10-05T00:00:00Z	6393.554352633951	6642.86051687779	1.7040721367901022e-6	EPPN3_H	Hybrid	14	15	67
11	2020-10-05T00:00:00Z	5958.581981661805	5330.54667522941	1.7006826343930794e-6	EPPN4_H	Hybrid	25	15	78
11	2020-10-05T00:00:00Z	7316.483294908793	7792.78545278084	1.7006826343930794e-6	EPPN4_H	Hybrid	17	17	74
11	2020-10-05T00:00:00Z	6303.142201278943	6616.76099874071	1.7006826343930794e-6	EPPN4_H	Hybrid	4	15	77
11	2020-10-05T00:00:00Z	7070.714546788761	7055.2492534074	1.7006826343930794e-6	EPPN4_H	Hybrid	4	16	75
11	2020-10-05T00:00:00Z	6983.1644610003195	6528.90660141627	1.7006826343930794e-6	EPPN4_H	Hybrid	3	18	71
11	2020-10-05T00:00:00Z	NA	5523.01595983817	1.7006826343930794e-6	EPPN4_H	Hybrid	22	18	72
11	2020-10-05T00:00:00Z	7055.82791740781	6219.38934843324	1.7006826343930794e-6	EPPN4_H	Hybrid	23	14	80
11	2020-10-05T00:00:00Z	6062.240477376043	5749.1466207941	1.7006826343930794e-6	EPPN4_H	Hybrid	17	16	76
11	2020-10-05T00:00:00Z	6971.776153751718	7264.92332046783	1.7006826343930794e-6	EPPN4_H	Hybrid	7	14	79
11	2020-10-05T00:00:00Z	6403.79234536611	6272.33301892363	1.7006826343930794e-6	EPPN4_H	Hybrid	1	17	73
11	2020-10-05T00:00:00Z	3954.3002244950158	4289.73997530736	1.7024986992676802e-6	EPPN1_L	Line	1	15	7
11	2020-10-05T00:00:00Z	4489.238390589408	4735.73144157522	1.7024986992676802e-6	EPPN1_L	Line	5	17	3
11	2020-10-05T00:00:00Z	NA	4417.75308237874	1.7024986992676802e-6	EPPN1_L	Line	13	14	9
11	2020-10-05T00:00:00Z	4798.700701473479	4135.50294820119	1.7024986992676802e-6	EPPN1_L	Line	18	14	10
11	2020-10-05T00:00:00Z	3957.4982202138217	3886.8875328213	1.7024986992676802e-6	EPPN1_L	Line	3	16	5
11	2020-10-05T00:00:00Z	4551.470660066557	5005.95368941532	1.7024986992676802e-6	EPPN1_L	Line	20	17	4
11	2020-10-05T00:00:00Z	NA	4832.12869493159	1.7024986992676802e-6	EPPN1_L	Line	19	16	6
11	2020-10-05T00:00:00Z	4735.710423535391	4796.79677881533	1.7024986992676802e-6	EPPN1_L	Line	15	18	2
11	2020-10-05T00:00:00Z	4329.952613896281	3855.62533592974	1.7024986992676802e-6	EPPN1_L	Line	21	15	8
11	2020-10-05T00:00:00Z	NA	2898.27631483347	1.7024986992676802e-6	EPPN1_L	Line	6	18	1
11	2020-10-05T00:00:00Z	NA	2020.96036603637	1.692980937039457e-6	EPPN2_L	Line	13	15	17
11	2020-10-05T00:00:00Z	NA	1776.29204515344	1.692980937039457e-6	EPPN2_L	Line	21	16	16
11	2020-10-05T00:00:00Z	NA	1575.85570758209	1.692980937039457e-6	EPPN2_L	Line	16	14	20
11	2020-10-05T00:00:00Z	NA	2154.58399869394	1.692980937039457e-6	EPPN2_L	Line	10	14	19
11	2020-10-05T00:00:00Z	NA	2334.74460411045	1.692980937039457e-6	EPPN2_L	Line	11	16	15
11	2020-10-05T00:00:00Z	NA	1717.03586693985	1.692980937039457e-6	EPPN2_L	Line	25	17	14
11	2020-10-05T00:00:00Z	NA	2043.44334329037	1.692980937039457e-6	EPPN2_L	Line	2	17	13
11	2020-10-05T00:00:00Z	NA	2188.47996147677	1.692980937039457e-6	EPPN2_L	Line	5	18	11
11	2020-10-05T00:00:00Z	NA	1905.41232911434	1.692980937039457e-6	EPPN2_L	Line	23	18	12
11	2020-10-05T00:00:00Z	NA	1772.68261295023	1.692980937039457e-6	EPPN2_L	Line	15	15	18
11	2020-10-05T00:00:00Z	2639.0880160811203	2180.26055037885	1.6958573992358486e-6	EPPN20_T	Line	24	14	90
11	2020-10-05T00:00:00Z	1725.7755676214103	1865.52197203243	1.6958573992358486e-6	EPPN20_T	Line	9	14	89
11	2020-10-05T00:00:00Z	2100.001315828146	1753.5033946651	1.6958573992358486e-6	EPPN20_T	Line	18	15	88
11	2020-10-05T00:00:00Z	1872.8114010695724	2001.091605804	1.6958573992358486e-6	EPPN20_T	Line	10	16	85
11	2020-10-05T00:00:00Z	NA	4468.42552965115	1.6958573992358486e-6	EPPN20_T	Line	24	17	84
11	2020-10-05T00:00:00Z	1515.6847967438443	1853.03202150353	1.6958573992358486e-6	EPPN20_T	Line	13	17	83
11	2020-10-05T00:00:00Z	1543.4515604820451	1506.09823203281	1.6958573992358486e-6	EPPN20_T	Line	13	16	86
11	2020-10-05T00:00:00Z	1540.294421147746	1924.0548420694	1.6958573992358486e-6	EPPN20_T	Line	7	15	87
11	2020-10-05T00:00:00Z	2063.5449800490487	2289.79286696218	1.6958573992358486e-6	EPPN20_T	Line	19	18	82
11	2020-10-05T00:00:00Z	2028.4808813269406	2152.50470983241	1.6958573992358486e-6	EPPN20_T	Line	12	18	81
11	2020-10-05T00:00:00Z	3750.4060461947697	3240.63922314877	1.694025167453203e-6	EPPN3_L	Line	15	14	30
11	2020-10-05T00:00:00Z	5239.76764158508	4870.48890867181	1.694025167453203e-6	EPPN3_L	Line	2	18	21
11	2020-10-05T00:00:00Z	4413.41291838789	5113.85278679888	1.694025167453203e-6	EPPN3_L	Line	11	17	23
11	2020-10-05T00:00:00Z	NA	3743.40416118615	1.694025167453203e-6	EPPN3_L	Line	5	14	29
11	2020-10-05T00:00:00Z	4368.702963508045	4565.59585194322	1.694025167453203e-6	EPPN3_L	Line	9	16	25
11	2020-10-05T00:00:00Z	4630.22893304811	3856.83558867734	1.694025167453203e-6	EPPN3_L	Line	22	15	28
11	2020-10-05T00:00:00Z	5019.651505539533	5405.68719860909	1.694025167453203e-6	EPPN3_L	Line	9	15	27
11	2020-10-05T00:00:00Z	4958.5246545902855	5427.1429716221	1.694025167453203e-6	EPPN3_L	Line	18	18	22
11	2020-10-05T00:00:00Z	4213.151093680557	4919.71651676096	1.694025167453203e-6	EPPN3_L	Line	18	17	24
11	2020-10-05T00:00:00Z	4268.262184110916	4097.58169544284	1.694025167453203e-6	EPPN3_L	Line	26	16	26
11	2020-10-05T00:00:00Z	NA	3412.54131972808	1.6997473801883589e-6	EPPN4_L	Line	20	15	38
11	2020-10-05T00:00:00Z	3196.1068050969734	3392.80940158318	1.6997473801883589e-6	EPPN4_L	Line	3	17	33
11	2020-10-05T00:00:00Z	2470.0771148345434	2128.52180112617	1.6997473801883589e-6	EPPN4_L	Line	20	16	36
11	2020-10-05T00:00:00Z	NA	1417.65559144926	1.6997473801883589e-6	EPPN4_L	Line	17	14	40
11	2020-10-05T00:00:00Z	2600.8585096707448	2300.11289296123	1.6997473801883589e-6	EPPN4_L	Line	9	18	31
11	2020-10-05T00:00:00Z	NA	2551.41361216144	1.6997473801883589e-6	EPPN4_L	Line	14	18	32
11	2020-10-05T00:00:00Z	NA	1980.01081565405	1.6997473801883589e-6	EPPN4_L	Line	6	14	39
11	2020-10-05T00:00:00Z	4200.699732880261	4768.29630405267	1.6997473801883589e-6	EPPN4_L	Line	12	15	37
11	2020-10-05T00:00:00Z	3900.1856891963207	3671.3754624189	1.6997473801883589e-6	EPPN4_L	Line	1	16	35
11	2020-10-05T00:00:00Z	4186.2439918925775	4613.8868914597	1.6997473801883589e-6	EPPN4_L	Line	19	17	34
